retrieval_date,year,geography_id,geography_name,market,market_kind,metric,value,unit,population,source_status
2026-09-11,2019,EL52,Central Macedonia,Australia,country,arrivals,11563.0,arrivals,"hotels, similar establishments, and tourist campsites",observed
2026-09-11,2019,EL52,Central Macedonia,Austria,country,arrivals,21720.0,arrivals,"hotels, similar establishments, and tourist campsites",observed
2026-09-11,2019,EL52,Central Macedonia,Belgium,country,arrivals,19697.0,arrivals,"hotels, similar establishments, and tourist campsites",observed
2026-09-11,2019,EL52,Central Macedonia,Bulgaria,country,arrivals,171910.0,arrivals,"hotels, similar establishments, and tourist campsites",observed
2026-09-11,2019,EL52,Central Macedonia,Canada,country,arrivals,5980.0,arrivals,"hotels, similar establishments, and tourist campsites",observed
2026-09-11,2019,EL52,Central Macedonia,Croatia,country,arrivals,3866.0,arrivals,"hotels, similar establishments, and tourist campsites",observed
2026-09-11,2019,EL52,Central Macedonia,Cyprus,country,arrivals,62346.0,arrivals,"hotels, similar establishments, and tourist campsites",observed
2026-09-11,2019,EL52,Central Macedonia,Czech Republic,country,arrivals,15208.0,arrivals,"hotels, similar establishments, and tourist campsites",observed
2026-09-11,2019,EL52,Central Macedonia,Denmark,country,arrivals,5163.0,arrivals,"hotels, similar establishments, and tourist campsites",observed
2026-09-11,2019,EL52,Central Macedonia,Estonia,country,arrivals,1676.0,arrivals,"hotels, similar establishments, and tourist campsites",observed
2026-09-11,2019,EL52,Central Macedonia,Finland,country,arrivals,3460.0,arrivals,"hotels, similar establishments, and tourist campsites",observed
2026-09-11,2019,EL52,Central Macedonia,France,country,arrivals,44040.0,arrivals,"hotels, similar establishments, and tourist campsites",observed
2026-09-11,2019,EL52,Central Macedonia,Germany,country,arrivals,225477.0,arrivals,"hotels, similar establishments, and tourist campsites",observed
2026-09-11,2019,EL52,Central Macedonia,Hungary,country,arrivals,28469.0,arrivals,"hotels, similar establishments, and tourist campsites",observed
2026-09-11,2019,EL52,Central Macedonia,Iceland,country,arrivals,557.0,arrivals,"hotels, similar establishments, and tourist campsites",observed
2026-09-11,2019,EL52,Central Macedonia,Ireland,country,arrivals,7452.0,arrivals,"hotels, similar establishments, and tourist campsites",observed
2026-09-11,2019,EL52,Central Macedonia,Italy,country,arrivals,57980.0,arrivals,"hotels, similar establishments, and tourist campsites",observed
2026-09-11,2019,EL52,Central Macedonia,Japan,country,arrivals,2437.0,arrivals,"hotels, similar establishments, and tourist campsites",observed
2026-09-11,2019,EL52,Central Macedonia,Latvia,country,arrivals,2386.0,arrivals,"hotels, similar establishments, and tourist campsites",observed
2026-09-11,2019,EL52,Central Macedonia,Lithuania,country,arrivals,2560.0,arrivals,"hotels, similar establishments, and tourist campsites",observed
2026-09-11,2019,EL52,Central Macedonia,Luxembourg,country,arrivals,968.0,arrivals,"hotels, similar establishments, and tourist campsites",observed
2026-09-11,2019,EL52,Central Macedonia,Malta,country,arrivals,1320.0,arrivals,"hotels, similar establishments, and tourist campsites",observed
2026-09-11,2019,EL52,Central Macedonia,Netherlands,country,arrivals,29626.0,arrivals,"hotels, similar establishments, and tourist campsites",observed
2026-09-11,2019,EL52,Central Macedonia,Norway,country,arrivals,2423.0,arrivals,"hotels, similar establishments, and tourist campsites",observed
2026-09-11,2019,EL52,Central Macedonia,People's republic of China,country,arrivals,9768.0,arrivals,"hotels, similar establishments, and tourist campsites",observed
2026-09-11,2019,EL52,Central Macedonia,Poland,country,arrivals,69480.0,arrivals,"hotels, similar establishments, and tourist campsites",observed
2026-09-11,2019,EL52,Central Macedonia,Portugal,country,arrivals,3076.0,arrivals,"hotels, similar establishments, and tourist campsites",observed
2026-09-11,2019,EL52,Central Macedonia,Romania,country,arrivals,187867.0,arrivals,"hotels, similar establishments, and tourist campsites",observed
2026-09-11,2019,EL52,Central Macedonia,Russia,country,arrivals,172181.0,arrivals,"hotels, similar establishments, and tourist campsites",observed
2026-09-11,2019,EL52,Central Macedonia,Slovak Republic,country,arrivals,14445.0,arrivals,"hotels, similar establishments, and tourist campsites",observed
2026-09-11,2019,EL52,Central Macedonia,Slovenia,country,arrivals,4411.0,arrivals,"hotels, similar establishments, and tourist campsites",observed
2026-09-11,2019,EL52,Central Macedonia,Spain,country,arrivals,12798.0,arrivals,"hotels, similar establishments, and tourist campsites",observed
2026-09-11,2019,EL52,Central Macedonia,Sweden,country,arrivals,14096.0,arrivals,"hotels, similar establishments, and tourist campsites",observed
2026-09-11,2019,EL52,Central Macedonia,Switzerland (incl. Liechtenstein),country,arrivals,18417.0,arrivals,"hotels, similar establishments, and tourist campsites",observed
2026-09-11,2019,EL52,Central Macedonia,Turkey,country,arrivals,65237.0,arrivals,"hotels, similar establishments, and tourist campsites",observed
2026-09-11,2019,EL52,Central Macedonia,USA,country,arrivals,45246.0,arrivals,"hotels, similar establishments, and tourist campsites",observed
2026-09-11,2019,EL52,Central Macedonia,United Kingdom,country,arrivals,182257.0,arrivals,"hotels, similar establishments, and tourist campsites",observed
2026-09-11,2019,EL52,Central Macedonia,New Zealand and other Oceanian territories,residual,arrivals,1405.0,arrivals,"hotels, similar establishments, and tourist campsites",observed
2026-09-11,2019,EL52,Central Macedonia,Not specified,residual,arrivals,1183.0,arrivals,"hotels, similar establishments, and tourist campsites",observed
2026-09-11,2019,EL52,Central Macedonia,Other Asian countries,residual,arrivals,127794.0,arrivals,"hotels, similar establishments, and tourist campsites",observed
2026-09-11,2019,EL52,Central Macedonia,Other European countries n.e.s.,residual,arrivals,274136.0,arrivals,"hotels, similar establishments, and tourist campsites",observed
2026-09-11,2019,EL52,Central Macedonia,Australia,country,nights,31401.0,nights,"hotels, similar establishments, and tourist campsites",observed
2026-09-11,2019,EL52,Central Macedonia,Austria,country,nights,98020.0,nights,"hotels, similar establishments, and tourist campsites",observed
2026-09-11,2019,EL52,Central Macedonia,Belgium,country,nights,78604.0,nights,"hotels, similar establishments, and tourist campsites",observed
2026-09-11,2019,EL52,Central Macedonia,Bulgaria,country,nights,642706.0,nights,"hotels, similar establishments, and tourist campsites",observed
2026-09-11,2019,EL52,Central Macedonia,Canada,country,nights,16066.0,nights,"hotels, similar establishments, and tourist campsites",observed
2026-09-11,2019,EL52,Central Macedonia,Croatia,country,nights,10806.0,nights,"hotels, similar establishments, and tourist campsites",observed
2026-09-11,2019,EL52,Central Macedonia,Cyprus,country,nights,161786.0,nights,"hotels, similar establishments, and tourist campsites",observed
2026-09-11,2019,EL52,Central Macedonia,Czech Republic,country,nights,67251.0,nights,"hotels, similar establishments, and tourist campsites",observed
2026-09-11,2019,EL52,Central Macedonia,Denmark,country,nights,18825.0,nights,"hotels, similar establishments, and tourist campsites",observed
2026-09-11,2019,EL52,Central Macedonia,Estonia,country,nights,8314.0,nights,"hotels, similar establishments, and tourist campsites",observed
2026-09-11,2019,EL52,Central Macedonia,Finland,country,nights,11044.0,nights,"hotels, similar establishments, and tourist campsites",observed
2026-09-11,2019,EL52,Central Macedonia,France,country,nights,161969.0,nights,"hotels, similar establishments, and tourist campsites",observed
2026-09-11,2019,EL52,Central Macedonia,Germany,country,nights,1137712.0,nights,"hotels, similar establishments, and tourist campsites",observed
2026-09-11,2019,EL52,Central Macedonia,Hungary,country,nights,149510.0,nights,"hotels, similar establishments, and tourist campsites",observed
2026-09-11,2019,EL52,Central Macedonia,Iceland,country,nights,2026.0,nights,"hotels, similar establishments, and tourist campsites",observed
2026-09-11,2019,EL52,Central Macedonia,Ireland,country,nights,32621.0,nights,"hotels, similar establishments, and tourist campsites",observed
2026-09-11,2019,EL52,Central Macedonia,Italy,country,nights,197001.0,nights,"hotels, similar establishments, and tourist campsites",observed
2026-09-11,2019,EL52,Central Macedonia,Japan,country,nights,5542.0,nights,"hotels, similar establishments, and tourist campsites",observed
2026-09-11,2019,EL52,Central Macedonia,Latvia,country,nights,9722.0,nights,"hotels, similar establishments, and tourist campsites",observed
2026-09-11,2019,EL52,Central Macedonia,Lithuania,country,nights,8636.0,nights,"hotels, similar establishments, and tourist campsites",observed
2026-09-11,2019,EL52,Central Macedonia,Luxembourg,country,nights,3428.0,nights,"hotels, similar establishments, and tourist campsites",observed
2026-09-11,2019,EL52,Central Macedonia,Malta,country,nights,4808.0,nights,"hotels, similar establishments, and tourist campsites",observed
2026-09-11,2019,EL52,Central Macedonia,Netherlands,country,nights,115179.0,nights,"hotels, similar establishments, and tourist campsites",observed
2026-09-11,2019,EL52,Central Macedonia,Norway,country,nights,8597.0,nights,"hotels, similar establishments, and tourist campsites",observed
2026-09-11,2019,EL52,Central Macedonia,People's republic of China,country,nights,16676.0,nights,"hotels, similar establishments, and tourist campsites",observed
2026-09-11,2019,EL52,Central Macedonia,Poland,country,nights,368846.0,nights,"hotels, similar establishments, and tourist campsites",observed
2026-09-11,2019,EL52,Central Macedonia,Portugal,country,nights,9016.0,nights,"hotels, similar establishments, and tourist campsites",observed
2026-09-11,2019,EL52,Central Macedonia,Romania,country,nights,741547.0,nights,"hotels, similar establishments, and tourist campsites",observed
2026-09-11,2019,EL52,Central Macedonia,Russia,country,nights,1076944.0,nights,"hotels, similar establishments, and tourist campsites",observed
2026-09-11,2019,EL52,Central Macedonia,Slovak Republic,country,nights,92165.0,nights,"hotels, similar establishments, and tourist campsites",observed
2026-09-11,2019,EL52,Central Macedonia,Slovenia,country,nights,16559.0,nights,"hotels, similar establishments, and tourist campsites",observed
2026-09-11,2019,EL52,Central Macedonia,Spain,country,nights,30582.0,nights,"hotels, similar establishments, and tourist campsites",observed
2026-09-11,2019,EL52,Central Macedonia,Sweden,country,nights,51526.0,nights,"hotels, similar establishments, and tourist campsites",observed
2026-09-11,2019,EL52,Central Macedonia,Switzerland (incl. Liechtenstein),country,nights,76768.0,nights,"hotels, similar establishments, and tourist campsites",observed
2026-09-11,2019,EL52,Central Macedonia,Turkey,country,nights,110503.0,nights,"hotels, similar establishments, and tourist campsites",observed
2026-09-11,2019,EL52,Central Macedonia,USA,country,nights,137670.0,nights,"hotels, similar establishments, and tourist campsites",observed
2026-09-11,2019,EL52,Central Macedonia,United Kingdom,country,nights,853683.0,nights,"hotels, similar establishments, and tourist campsites",observed
2026-09-11,2019,EL52,Central Macedonia,New Zealand and other Oceanian territories,residual,nights,6007.0,nights,"hotels, similar establishments, and tourist campsites",observed
2026-09-11,2019,EL52,Central Macedonia,Not specified,residual,nights,3618.0,nights,"hotels, similar establishments, and tourist campsites",observed
2026-09-11,2019,EL52,Central Macedonia,Other Asian countries,residual,nights,534491.0,nights,"hotels, similar establishments, and tourist campsites",observed
2026-09-11,2019,EL52,Central Macedonia,Other European countries n.e.s.,residual,nights,1360396.0,nights,"hotels, similar establishments, and tourist campsites",observed
2026-09-11,2020,EL52,Central Macedonia,Australia,country,arrivals,936.0,arrivals,"hotels, similar establishments, and tourist campsites",observed
2026-09-11,2020,EL52,Central Macedonia,Austria,country,arrivals,5291.0,arrivals,"hotels, similar establishments, and tourist campsites",observed
2026-09-11,2020,EL52,Central Macedonia,Belgium,country,arrivals,5603.0,arrivals,"hotels, similar establishments, and tourist campsites",observed
2026-09-11,2020,EL52,Central Macedonia,Bulgaria,country,arrivals,49446.0,arrivals,"hotels, similar establishments, and tourist campsites",observed
2026-09-11,2020,EL52,Central Macedonia,Canada,country,arrivals,834.0,arrivals,"hotels, similar establishments, and tourist campsites",observed
2026-09-11,2020,EL52,Central Macedonia,Croatia,country,arrivals,677.0,arrivals,"hotels, similar establishments, and tourist campsites",observed
2026-09-11,2020,EL52,Central Macedonia,Cyprus,country,arrivals,13414.0,arrivals,"hotels, similar establishments, and tourist campsites",observed
2026-09-11,2020,EL52,Central Macedonia,Czech Republic,country,arrivals,2225.0,arrivals,"hotels, similar establishments, and tourist campsites",observed
2026-09-11,2020,EL52,Central Macedonia,Denmark,country,arrivals,2455.0,arrivals,"hotels, similar establishments, and tourist campsites",observed
2026-09-11,2020,EL52,Central Macedonia,Estonia,country,arrivals,191.0,arrivals,"hotels, similar establishments, and tourist campsites",observed
2026-09-11,2020,EL52,Central Macedonia,Finland,country,arrivals,307.0,arrivals,"hotels, similar establishments, and tourist campsites",observed
2026-09-11,2020,EL52,Central Macedonia,France,country,arrivals,19115.0,arrivals,"hotels, similar establishments, and tourist campsites",observed
2026-09-11,2020,EL52,Central Macedonia,Germany,country,arrivals,69508.0,arrivals,"hotels, similar establishments, and tourist campsites",observed
2026-09-11,2020,EL52,Central Macedonia,Hungary,country,arrivals,3447.0,arrivals,"hotels, similar establishments, and tourist campsites",observed
2026-09-11,2020,EL52,Central Macedonia,Iceland,country,arrivals,100.0,arrivals,"hotels, similar establishments, and tourist campsites",observed
2026-09-11,2020,EL52,Central Macedonia,Ireland,country,arrivals,2630.0,arrivals,"hotels, similar establishments, and tourist campsites",observed
2026-09-11,2020,EL52,Central Macedonia,Italy,country,arrivals,11418.0,arrivals,"hotels, similar establishments, and tourist campsites",observed
2026-09-11,2020,EL52,Central Macedonia,Japan,country,arrivals,307.0,arrivals,"hotels, similar establishments, and tourist campsites",observed
2026-09-11,2020,EL52,Central Macedonia,Latvia,country,arrivals,291.0,arrivals,"hotels, similar establishments, and tourist campsites",observed
2026-09-11,2020,EL52,Central Macedonia,Lithuania,country,arrivals,389.0,arrivals,"hotels, similar establishments, and tourist campsites",observed
2026-09-11,2020,EL52,Central Macedonia,Luxembourg,country,arrivals,230.0,arrivals,"hotels, similar establishments, and tourist campsites",observed
2026-09-11,2020,EL52,Central Macedonia,Malta,country,arrivals,255.0,arrivals,"hotels, similar establishments, and tourist campsites",observed
2026-09-11,2020,EL52,Central Macedonia,Netherlands,country,arrivals,12712.0,arrivals,"hotels, similar establishments, and tourist campsites",observed
2026-09-11,2020,EL52,Central Macedonia,Norway,country,arrivals,674.0,arrivals,"hotels, similar establishments, and tourist campsites",observed
2026-09-11,2020,EL52,Central Macedonia,People's republic of China,country,arrivals,885.0,arrivals,"hotels, similar establishments, and tourist campsites",observed
2026-09-11,2020,EL52,Central Macedonia,Poland,country,arrivals,15556.0,arrivals,"hotels, similar establishments, and tourist campsites",observed
2026-09-11,2020,EL52,Central Macedonia,Portugal,country,arrivals,1338.0,arrivals,"hotels, similar establishments, and tourist campsites",observed
2026-09-11,2020,EL52,Central Macedonia,Romania,country,arrivals,55230.0,arrivals,"hotels, similar establishments, and tourist campsites",observed
2026-09-11,2020,EL52,Central Macedonia,Russia,country,arrivals,6718.0,arrivals,"hotels, similar establishments, and tourist campsites",observed
2026-09-11,2020,EL52,Central Macedonia,Slovak Republic,country,arrivals,1386.0,arrivals,"hotels, similar establishments, and tourist campsites",observed
2026-09-11,2020,EL52,Central Macedonia,Slovenia,country,arrivals,663.0,arrivals,"hotels, similar establishments, and tourist campsites",observed
2026-09-11,2020,EL52,Central Macedonia,Spain,country,arrivals,2690.0,arrivals,"hotels, similar establishments, and tourist campsites",observed
2026-09-11,2020,EL52,Central Macedonia,Sweden,country,arrivals,2061.0,arrivals,"hotels, similar establishments, and tourist campsites",observed
2026-09-11,2020,EL52,Central Macedonia,Switzerland (incl. Liechtenstein),country,arrivals,7691.0,arrivals,"hotels, similar establishments, and tourist campsites",observed
2026-09-11,2020,EL52,Central Macedonia,Turkey,country,arrivals,5482.0,arrivals,"hotels, similar establishments, and tourist campsites",observed
2026-09-11,2020,EL52,Central Macedonia,USA,country,arrivals,6236.0,arrivals,"hotels, similar establishments, and tourist campsites",observed
2026-09-11,2020,EL52,Central Macedonia,United Kingdom,country,arrivals,47604.0,arrivals,"hotels, similar establishments, and tourist campsites",observed
2026-09-11,2020,EL52,Central Macedonia,New Zealand and other Oceanian territories,residual,arrivals,251.0,arrivals,"hotels, similar establishments, and tourist campsites",observed
2026-09-11,2020,EL52,Central Macedonia,Not specified,residual,arrivals,22.0,arrivals,"hotels, similar establishments, and tourist campsites",observed
2026-09-11,2020,EL52,Central Macedonia,Other Asian countries,residual,arrivals,27370.0,arrivals,"hotels, similar establishments, and tourist campsites",observed
2026-09-11,2020,EL52,Central Macedonia,Other European countries n.e.s.,residual,arrivals,23157.0,arrivals,"hotels, similar establishments, and tourist campsites",observed
2026-09-11,2020,EL52,Central Macedonia,Australia,country,nights,2741.0,nights,"hotels, similar establishments, and tourist campsites",observed
2026-09-11,2020,EL52,Central Macedonia,Austria,country,nights,20889.0,nights,"hotels, similar establishments, and tourist campsites",observed
2026-09-11,2020,EL52,Central Macedonia,Belgium,country,nights,19673.0,nights,"hotels, similar establishments, and tourist campsites",observed
2026-09-11,2020,EL52,Central Macedonia,Bulgaria,country,nights,208356.0,nights,"hotels, similar establishments, and tourist campsites",observed
2026-09-11,2020,EL52,Central Macedonia,Canada,country,nights,2079.0,nights,"hotels, similar establishments, and tourist campsites",observed
2026-09-11,2020,EL52,Central Macedonia,Croatia,country,nights,2674.0,nights,"hotels, similar establishments, and tourist campsites",observed
2026-09-11,2020,EL52,Central Macedonia,Cyprus,country,nights,32684.0,nights,"hotels, similar establishments, and tourist campsites",observed
2026-09-11,2020,EL52,Central Macedonia,Czech Republic,country,nights,8642.0,nights,"hotels, similar establishments, and tourist campsites",observed
2026-09-11,2020,EL52,Central Macedonia,Denmark,country,nights,9926.0,nights,"hotels, similar establishments, and tourist campsites",observed
2026-09-11,2020,EL52,Central Macedonia,Estonia,country,nights,648.0,nights,"hotels, similar establishments, and tourist campsites",observed
2026-09-11,2020,EL52,Central Macedonia,Finland,country,nights,925.0,nights,"hotels, similar establishments, and tourist campsites",observed
2026-09-11,2020,EL52,Central Macedonia,France,country,nights,81039.0,nights,"hotels, similar establishments, and tourist campsites",observed
2026-09-11,2020,EL52,Central Macedonia,Germany,country,nights,325997.0,nights,"hotels, similar establishments, and tourist campsites",observed
2026-09-11,2020,EL52,Central Macedonia,Hungary,country,nights,15785.0,nights,"hotels, similar establishments, and tourist campsites",observed
2026-09-11,2020,EL52,Central Macedonia,Iceland,country,nights,190.0,nights,"hotels, similar establishments, and tourist campsites",observed
2026-09-11,2020,EL52,Central Macedonia,Ireland,country,nights,10041.0,nights,"hotels, similar establishments, and tourist campsites",observed
2026-09-11,2020,EL52,Central Macedonia,Italy,country,nights,42860.0,nights,"hotels, similar establishments, and tourist campsites",observed
2026-09-11,2020,EL52,Central Macedonia,Japan,country,nights,519.0,nights,"hotels, similar establishments, and tourist campsites",observed
2026-09-11,2020,EL52,Central Macedonia,Latvia,country,nights,1060.0,nights,"hotels, similar establishments, and tourist campsites",observed
2026-09-11,2020,EL52,Central Macedonia,Lithuania,country,nights,1957.0,nights,"hotels, similar establishments, and tourist campsites",observed
2026-09-11,2020,EL52,Central Macedonia,Luxembourg,country,nights,942.0,nights,"hotels, similar establishments, and tourist campsites",observed
2026-09-11,2020,EL52,Central Macedonia,Malta,country,nights,803.0,nights,"hotels, similar establishments, and tourist campsites",observed
2026-09-11,2020,EL52,Central Macedonia,Netherlands,country,nights,59538.0,nights,"hotels, similar establishments, and tourist campsites",observed
2026-09-11,2020,EL52,Central Macedonia,Norway,country,nights,1824.0,nights,"hotels, similar establishments, and tourist campsites",observed
2026-09-11,2020,EL52,Central Macedonia,People's republic of China,country,nights,2096.0,nights,"hotels, similar establishments, and tourist campsites",observed
2026-09-11,2020,EL52,Central Macedonia,Poland,country,nights,78287.0,nights,"hotels, similar establishments, and tourist campsites",observed
2026-09-11,2020,EL52,Central Macedonia,Portugal,country,nights,3005.0,nights,"hotels, similar establishments, and tourist campsites",observed
2026-09-11,2020,EL52,Central Macedonia,Romania,country,nights,206936.0,nights,"hotels, similar establishments, and tourist campsites",observed
2026-09-11,2020,EL52,Central Macedonia,Russia,country,nights,19793.0,nights,"hotels, similar establishments, and tourist campsites",observed
2026-09-11,2020,EL52,Central Macedonia,Slovak Republic,country,nights,6063.0,nights,"hotels, similar establishments, and tourist campsites",observed
2026-09-11,2020,EL52,Central Macedonia,Slovenia,country,nights,2160.0,nights,"hotels, similar establishments, and tourist campsites",observed
2026-09-11,2020,EL52,Central Macedonia,Spain,country,nights,7066.0,nights,"hotels, similar establishments, and tourist campsites",observed
2026-09-11,2020,EL52,Central Macedonia,Sweden,country,nights,6497.0,nights,"hotels, similar establishments, and tourist campsites",observed
2026-09-11,2020,EL52,Central Macedonia,Switzerland (incl. Liechtenstein),country,nights,33674.0,nights,"hotels, similar establishments, and tourist campsites",observed
2026-09-11,2020,EL52,Central Macedonia,Turkey,country,nights,11239.0,nights,"hotels, similar establishments, and tourist campsites",observed
2026-09-11,2020,EL52,Central Macedonia,USA,country,nights,14688.0,nights,"hotels, similar establishments, and tourist campsites",observed
2026-09-11,2020,EL52,Central Macedonia,United Kingdom,country,nights,203801.0,nights,"hotels, similar establishments, and tourist campsites",observed
2026-09-11,2020,EL52,Central Macedonia,New Zealand and other Oceanian territories,residual,nights,820.0,nights,"hotels, similar establishments, and tourist campsites",observed
2026-09-11,2020,EL52,Central Macedonia,Not specified,residual,nights,24.0,nights,"hotels, similar establishments, and tourist campsites",observed
2026-09-11,2020,EL52,Central Macedonia,Other Asian countries,residual,nights,92897.0,nights,"hotels, similar establishments, and tourist campsites",observed
2026-09-11,2020,EL52,Central Macedonia,Other European countries n.e.s.,residual,nights,57840.0,nights,"hotels, similar establishments, and tourist campsites",observed
2026-09-11,2021,EL52,Central Macedonia,Australia,country,arrivals,1036.0,arrivals,"hotels, similar establishments, tourist campsites, and short-stay accommodation establishments",observed
2026-09-11,2021,EL52,Central Macedonia,Austria,country,arrivals,19957.0,arrivals,"hotels, similar establishments, tourist campsites, and short-stay accommodation establishments",observed
2026-09-11,2021,EL52,Central Macedonia,Belgium,country,arrivals,19252.0,arrivals,"hotels, similar establishments, tourist campsites, and short-stay accommodation establishments",observed
2026-09-11,2021,EL52,Central Macedonia,Bulgaria,country,arrivals,99738.0,arrivals,"hotels, similar establishments, tourist campsites, and short-stay accommodation establishments",observed
2026-09-11,2021,EL52,Central Macedonia,Canada,country,arrivals,1728.0,arrivals,"hotels, similar establishments, tourist campsites, and short-stay accommodation establishments",observed
2026-09-11,2021,EL52,Central Macedonia,Croatia,country,arrivals,1481.0,arrivals,"hotels, similar establishments, tourist campsites, and short-stay accommodation establishments",observed
2026-09-11,2021,EL52,Central Macedonia,Cyprus,country,arrivals,20459.0,arrivals,"hotels, similar establishments, tourist campsites, and short-stay accommodation establishments",observed
2026-09-11,2021,EL52,Central Macedonia,Czech Republic,country,arrivals,9744.0,arrivals,"hotels, similar establishments, tourist campsites, and short-stay accommodation establishments",observed
2026-09-11,2021,EL52,Central Macedonia,Denmark,country,arrivals,9000.0,arrivals,"hotels, similar establishments, tourist campsites, and short-stay accommodation establishments",observed
2026-09-11,2021,EL52,Central Macedonia,Estonia,country,arrivals,799.0,arrivals,"hotels, similar establishments, tourist campsites, and short-stay accommodation establishments",observed
2026-09-11,2021,EL52,Central Macedonia,Finland,country,arrivals,708.0,arrivals,"hotels, similar establishments, tourist campsites, and short-stay accommodation establishments",observed
2026-09-11,2021,EL52,Central Macedonia,France,country,arrivals,39724.0,arrivals,"hotels, similar establishments, tourist campsites, and short-stay accommodation establishments",observed
2026-09-11,2021,EL52,Central Macedonia,Germany,country,arrivals,186295.0,arrivals,"hotels, similar establishments, tourist campsites, and short-stay accommodation establishments",observed
2026-09-11,2021,EL52,Central Macedonia,Hungary,country,arrivals,38513.0,arrivals,"hotels, similar establishments, tourist campsites, and short-stay accommodation establishments",observed
2026-09-11,2021,EL52,Central Macedonia,Iceland,country,arrivals,153.0,arrivals,"hotels, similar establishments, tourist campsites, and short-stay accommodation establishments",observed
2026-09-11,2021,EL52,Central Macedonia,Ireland,country,arrivals,3967.0,arrivals,"hotels, similar establishments, tourist campsites, and short-stay accommodation establishments",observed
2026-09-11,2021,EL52,Central Macedonia,Italy,country,arrivals,23672.0,arrivals,"hotels, similar establishments, tourist campsites, and short-stay accommodation establishments",observed
2026-09-11,2021,EL52,Central Macedonia,Japan,country,arrivals,177.0,arrivals,"hotels, similar establishments, tourist campsites, and short-stay accommodation establishments",observed
2026-09-11,2021,EL52,Central Macedonia,Latvia,country,arrivals,994.0,arrivals,"hotels, similar establishments, tourist campsites, and short-stay accommodation establishments",observed
2026-09-11,2021,EL52,Central Macedonia,Lithuania,country,arrivals,774.0,arrivals,"hotels, similar establishments, tourist campsites, and short-stay accommodation establishments",observed
2026-09-11,2021,EL52,Central Macedonia,Luxembourg,country,arrivals,2685.0,arrivals,"hotels, similar establishments, tourist campsites, and short-stay accommodation establishments",observed
2026-09-11,2021,EL52,Central Macedonia,Malta,country,arrivals,1022.0,arrivals,"hotels, similar establishments, tourist campsites, and short-stay accommodation establishments",observed
2026-09-11,2021,EL52,Central Macedonia,Netherlands,country,arrivals,21191.0,arrivals,"hotels, similar establishments, tourist campsites, and short-stay accommodation establishments",observed
2026-09-11,2021,EL52,Central Macedonia,Norway,country,arrivals,987.0,arrivals,"hotels, similar establishments, tourist campsites, and short-stay accommodation establishments",observed
2026-09-11,2021,EL52,Central Macedonia,People's republic of China,country,arrivals,858.0,arrivals,"hotels, similar establishments, tourist campsites, and short-stay accommodation establishments",observed
2026-09-11,2021,EL52,Central Macedonia,Poland,country,arrivals,69783.0,arrivals,"hotels, similar establishments, tourist campsites, and short-stay accommodation establishments",observed
2026-09-11,2021,EL52,Central Macedonia,Portugal,country,arrivals,1891.0,arrivals,"hotels, similar establishments, tourist campsites, and short-stay accommodation establishments",observed
2026-09-11,2021,EL52,Central Macedonia,Romania,country,arrivals,185984.0,arrivals,"hotels, similar establishments, tourist campsites, and short-stay accommodation establishments",observed
2026-09-11,2021,EL52,Central Macedonia,Russia,country,arrivals,74411.0,arrivals,"hotels, similar establishments, tourist campsites, and short-stay accommodation establishments",observed
2026-09-11,2021,EL52,Central Macedonia,Slovak Republic,country,arrivals,8837.0,arrivals,"hotels, similar establishments, tourist campsites, and short-stay accommodation establishments",observed
2026-09-11,2021,EL52,Central Macedonia,Slovenia,country,arrivals,3120.0,arrivals,"hotels, similar establishments, tourist campsites, and short-stay accommodation establishments",observed
2026-09-11,2021,EL52,Central Macedonia,Spain,country,arrivals,5929.0,arrivals,"hotels, similar establishments, tourist campsites, and short-stay accommodation establishments",observed
2026-09-11,2021,EL52,Central Macedonia,Sweden,country,arrivals,7037.0,arrivals,"hotels, similar establishments, tourist campsites, and short-stay accommodation establishments",observed
2026-09-11,2021,EL52,Central Macedonia,Switzerland (incl. Liechtenstein),country,arrivals,19550.0,arrivals,"hotels, similar establishments, tourist campsites, and short-stay accommodation establishments",observed
2026-09-11,2021,EL52,Central Macedonia,Turkey,country,arrivals,9256.0,arrivals,"hotels, similar establishments, tourist campsites, and short-stay accommodation establishments",observed
2026-09-11,2021,EL52,Central Macedonia,USA,country,arrivals,19030.0,arrivals,"hotels, similar establishments, tourist campsites, and short-stay accommodation establishments",observed
2026-09-11,2021,EL52,Central Macedonia,United Kingdom,country,arrivals,93929.0,arrivals,"hotels, similar establishments, tourist campsites, and short-stay accommodation establishments",observed
2026-09-11,2021,EL52,Central Macedonia,New Zealand and other Oceanian territories,residual,arrivals,1315.0,arrivals,"hotels, similar establishments, tourist campsites, and short-stay accommodation establishments",observed
2026-09-11,2021,EL52,Central Macedonia,Not specified,residual,arrivals,189.0,arrivals,"hotels, similar establishments, tourist campsites, and short-stay accommodation establishments",observed
2026-09-11,2021,EL52,Central Macedonia,Other Asian countries,residual,arrivals,38526.0,arrivals,"hotels, similar establishments, tourist campsites, and short-stay accommodation establishments",observed
2026-09-11,2021,EL52,Central Macedonia,Other European countries n.e.s.,residual,arrivals,284392.0,arrivals,"hotels, similar establishments, tourist campsites, and short-stay accommodation establishments",observed
2026-09-11,2021,EL52,Central Macedonia,Australia,country,nights,4074.0,nights,"hotels, similar establishments, tourist campsites, and short-stay accommodation establishments",observed
2026-09-11,2021,EL52,Central Macedonia,Austria,country,nights,93534.0,nights,"hotels, similar establishments, tourist campsites, and short-stay accommodation establishments",observed
2026-09-11,2021,EL52,Central Macedonia,Belgium,country,nights,83093.0,nights,"hotels, similar establishments, tourist campsites, and short-stay accommodation establishments",observed
2026-09-11,2021,EL52,Central Macedonia,Bulgaria,country,nights,481295.0,nights,"hotels, similar establishments, tourist campsites, and short-stay accommodation establishments",observed
2026-09-11,2021,EL52,Central Macedonia,Canada,country,nights,5650.0,nights,"hotels, similar establishments, tourist campsites, and short-stay accommodation establishments",observed
2026-09-11,2021,EL52,Central Macedonia,Croatia,country,nights,6266.0,nights,"hotels, similar establishments, tourist campsites, and short-stay accommodation establishments",observed
2026-09-11,2021,EL52,Central Macedonia,Cyprus,country,nights,52917.0,nights,"hotels, similar establishments, tourist campsites, and short-stay accommodation establishments",observed
2026-09-11,2021,EL52,Central Macedonia,Czech Republic,country,nights,52298.0,nights,"hotels, similar establishments, tourist campsites, and short-stay accommodation establishments",observed
2026-09-11,2021,EL52,Central Macedonia,Denmark,country,nights,29878.0,nights,"hotels, similar establishments, tourist campsites, and short-stay accommodation establishments",observed
2026-09-11,2021,EL52,Central Macedonia,Estonia,country,nights,2659.0,nights,"hotels, similar establishments, tourist campsites, and short-stay accommodation establishments",observed
2026-09-11,2021,EL52,Central Macedonia,Finland,country,nights,2410.0,nights,"hotels, similar establishments, tourist campsites, and short-stay accommodation establishments",observed
2026-09-11,2021,EL52,Central Macedonia,France,country,nights,159680.0,nights,"hotels, similar establishments, tourist campsites, and short-stay accommodation establishments",observed
2026-09-11,2021,EL52,Central Macedonia,Germany,country,nights,937220.0,nights,"hotels, similar establishments, tourist campsites, and short-stay accommodation establishments",observed
2026-09-11,2021,EL52,Central Macedonia,Hungary,country,nights,211852.0,nights,"hotels, similar establishments, tourist campsites, and short-stay accommodation establishments",observed
2026-09-11,2021,EL52,Central Macedonia,Iceland,country,nights,592.0,nights,"hotels, similar establishments, tourist campsites, and short-stay accommodation establishments",observed
2026-09-11,2021,EL52,Central Macedonia,Ireland,country,nights,16262.0,nights,"hotels, similar establishments, tourist campsites, and short-stay accommodation establishments",observed
2026-09-11,2021,EL52,Central Macedonia,Italy,country,nights,83124.0,nights,"hotels, similar establishments, tourist campsites, and short-stay accommodation establishments",observed
2026-09-11,2021,EL52,Central Macedonia,Japan,country,nights,566.0,nights,"hotels, similar establishments, tourist campsites, and short-stay accommodation establishments",observed
2026-09-11,2021,EL52,Central Macedonia,Latvia,country,nights,3461.0,nights,"hotels, similar establishments, tourist campsites, and short-stay accommodation establishments",observed
2026-09-11,2021,EL52,Central Macedonia,Lithuania,country,nights,3830.0,nights,"hotels, similar establishments, tourist campsites, and short-stay accommodation establishments",observed
2026-09-11,2021,EL52,Central Macedonia,Luxembourg,country,nights,14913.0,nights,"hotels, similar establishments, tourist campsites, and short-stay accommodation establishments",observed
2026-09-11,2021,EL52,Central Macedonia,Malta,country,nights,3476.0,nights,"hotels, similar establishments, tourist campsites, and short-stay accommodation establishments",observed
2026-09-11,2021,EL52,Central Macedonia,Netherlands,country,nights,87841.0,nights,"hotels, similar establishments, tourist campsites, and short-stay accommodation establishments",observed
2026-09-11,2021,EL52,Central Macedonia,Norway,country,nights,2812.0,nights,"hotels, similar establishments, tourist campsites, and short-stay accommodation establishments",observed
2026-09-11,2021,EL52,Central Macedonia,People's republic of China,country,nights,2262.0,nights,"hotels, similar establishments, tourist campsites, and short-stay accommodation establishments",observed
2026-09-11,2021,EL52,Central Macedonia,Poland,country,nights,342616.0,nights,"hotels, similar establishments, tourist campsites, and short-stay accommodation establishments",observed
2026-09-11,2021,EL52,Central Macedonia,Portugal,country,nights,6600.0,nights,"hotels, similar establishments, tourist campsites, and short-stay accommodation establishments",observed
2026-09-11,2021,EL52,Central Macedonia,Romania,country,nights,798933.0,nights,"hotels, similar establishments, tourist campsites, and short-stay accommodation establishments",observed
2026-09-11,2021,EL52,Central Macedonia,Russia,country,nights,439690.0,nights,"hotels, similar establishments, tourist campsites, and short-stay accommodation establishments",observed
2026-09-11,2021,EL52,Central Macedonia,Slovak Republic,country,nights,51416.0,nights,"hotels, similar establishments, tourist campsites, and short-stay accommodation establishments",observed
2026-09-11,2021,EL52,Central Macedonia,Slovenia,country,nights,13077.0,nights,"hotels, similar establishments, tourist campsites, and short-stay accommodation establishments",observed
2026-09-11,2021,EL52,Central Macedonia,Spain,country,nights,15105.0,nights,"hotels, similar establishments, tourist campsites, and short-stay accommodation establishments",observed
2026-09-11,2021,EL52,Central Macedonia,Sweden,country,nights,24865.0,nights,"hotels, similar establishments, tourist campsites, and short-stay accommodation establishments",observed
2026-09-11,2021,EL52,Central Macedonia,Switzerland (incl. Liechtenstein),country,nights,89671.0,nights,"hotels, similar establishments, tourist campsites, and short-stay accommodation establishments",observed
2026-09-11,2021,EL52,Central Macedonia,Turkey,country,nights,26141.0,nights,"hotels, similar establishments, tourist campsites, and short-stay accommodation establishments",observed
2026-09-11,2021,EL52,Central Macedonia,USA,country,nights,88028.0,nights,"hotels, similar establishments, tourist campsites, and short-stay accommodation establishments",observed
2026-09-11,2021,EL52,Central Macedonia,United Kingdom,country,nights,423145.0,nights,"hotels, similar establishments, tourist campsites, and short-stay accommodation establishments",observed
2026-09-11,2021,EL52,Central Macedonia,New Zealand and other Oceanian territories,residual,nights,8603.0,nights,"hotels, similar establishments, tourist campsites, and short-stay accommodation establishments",observed
2026-09-11,2021,EL52,Central Macedonia,Not specified,residual,nights,869.0,nights,"hotels, similar establishments, tourist campsites, and short-stay accommodation establishments",observed
2026-09-11,2021,EL52,Central Macedonia,Other Asian countries,residual,nights,92832.0,nights,"hotels, similar establishments, tourist campsites, and short-stay accommodation establishments",observed
2026-09-11,2021,EL52,Central Macedonia,Other European countries n.e.s.,residual,nights,1673697.0,nights,"hotels, similar establishments, tourist campsites, and short-stay accommodation establishments",observed
2026-09-11,2022,EL52,Central Macedonia,Australia,country,arrivals,7582.0,arrivals,"hotels, similar establishments, tourist campsites, and short-stay accommodation establishments",observed
2026-09-11,2022,EL52,Central Macedonia,Austria,country,arrivals,28816.0,arrivals,"hotels, similar establishments, tourist campsites, and short-stay accommodation establishments",observed
2026-09-11,2022,EL52,Central Macedonia,Belgium,country,arrivals,20382.0,arrivals,"hotels, similar establishments, tourist campsites, and short-stay accommodation establishments",observed
2026-09-11,2022,EL52,Central Macedonia,Bulgaria,country,arrivals,281722.0,arrivals,"hotels, similar establishments, tourist campsites, and short-stay accommodation establishments",observed
2026-09-11,2022,EL52,Central Macedonia,Canada,country,arrivals,6274.0,arrivals,"hotels, similar establishments, tourist campsites, and short-stay accommodation establishments",observed
2026-09-11,2022,EL52,Central Macedonia,Croatia,country,arrivals,6750.0,arrivals,"hotels, similar establishments, tourist campsites, and short-stay accommodation establishments",observed
2026-09-11,2022,EL52,Central Macedonia,Cyprus,country,arrivals,45047.0,arrivals,"hotels, similar establishments, tourist campsites, and short-stay accommodation establishments",observed
2026-09-11,2022,EL52,Central Macedonia,Czech Republic,country,arrivals,22133.0,arrivals,"hotels, similar establishments, tourist campsites, and short-stay accommodation establishments",observed
2026-09-11,2022,EL52,Central Macedonia,Denmark,country,arrivals,17934.0,arrivals,"hotels, similar establishments, tourist campsites, and short-stay accommodation establishments",observed
2026-09-11,2022,EL52,Central Macedonia,Estonia,country,arrivals,1256.0,arrivals,"hotels, similar establishments, tourist campsites, and short-stay accommodation establishments",observed
2026-09-11,2022,EL52,Central Macedonia,Finland,country,arrivals,2755.0,arrivals,"hotels, similar establishments, tourist campsites, and short-stay accommodation establishments",observed
2026-09-11,2022,EL52,Central Macedonia,France,country,arrivals,48313.0,arrivals,"hotels, similar establishments, tourist campsites, and short-stay accommodation establishments",observed
2026-09-11,2022,EL52,Central Macedonia,Germany,country,arrivals,293870.0,arrivals,"hotels, similar establishments, tourist campsites, and short-stay accommodation establishments",observed
2026-09-11,2022,EL52,Central Macedonia,Hungary,country,arrivals,70435.0,arrivals,"hotels, similar establishments, tourist campsites, and short-stay accommodation establishments",observed
2026-09-11,2022,EL52,Central Macedonia,Iceland,country,arrivals,338.0,arrivals,"hotels, similar establishments, tourist campsites, and short-stay accommodation establishments",observed
2026-09-11,2022,EL52,Central Macedonia,Ireland,country,arrivals,11964.0,arrivals,"hotels, similar establishments, tourist campsites, and short-stay accommodation establishments",observed
2026-09-11,2022,EL52,Central Macedonia,Italy,country,arrivals,50130.0,arrivals,"hotels, similar establishments, tourist campsites, and short-stay accommodation establishments",observed
2026-09-11,2022,EL52,Central Macedonia,Japan,country,arrivals,635.0,arrivals,"hotels, similar establishments, tourist campsites, and short-stay accommodation establishments",observed
2026-09-11,2022,EL52,Central Macedonia,Latvia,country,arrivals,2248.0,arrivals,"hotels, similar establishments, tourist campsites, and short-stay accommodation establishments",observed
2026-09-11,2022,EL52,Central Macedonia,Lithuania,country,arrivals,2273.0,arrivals,"hotels, similar establishments, tourist campsites, and short-stay accommodation establishments",observed
2026-09-11,2022,EL52,Central Macedonia,Luxembourg,country,arrivals,2016.0,arrivals,"hotels, similar establishments, tourist campsites, and short-stay accommodation establishments",observed
2026-09-11,2022,EL52,Central Macedonia,Malta,country,arrivals,2339.0,arrivals,"hotels, similar establishments, tourist campsites, and short-stay accommodation establishments",observed
2026-09-11,2022,EL52,Central Macedonia,Netherlands,country,arrivals,43898.0,arrivals,"hotels, similar establishments, tourist campsites, and short-stay accommodation establishments",observed
2026-09-11,2022,EL52,Central Macedonia,Norway,country,arrivals,3887.0,arrivals,"hotels, similar establishments, tourist campsites, and short-stay accommodation establishments",observed
2026-09-11,2022,EL52,Central Macedonia,People's republic of China,country,arrivals,2673.0,arrivals,"hotels, similar establishments, tourist campsites, and short-stay accommodation establishments",observed
2026-09-11,2022,EL52,Central Macedonia,Poland,country,arrivals,93284.0,arrivals,"hotels, similar establishments, tourist campsites, and short-stay accommodation establishments",observed
2026-09-11,2022,EL52,Central Macedonia,Portugal,country,arrivals,4742.0,arrivals,"hotels, similar establishments, tourist campsites, and short-stay accommodation establishments",observed
2026-09-11,2022,EL52,Central Macedonia,Romania,country,arrivals,387323.0,arrivals,"hotels, similar establishments, tourist campsites, and short-stay accommodation establishments",observed
2026-09-11,2022,EL52,Central Macedonia,Russia,country,arrivals,22638.0,arrivals,"hotels, similar establishments, tourist campsites, and short-stay accommodation establishments",observed
2026-09-11,2022,EL52,Central Macedonia,Slovak Republic,country,arrivals,18938.0,arrivals,"hotels, similar establishments, tourist campsites, and short-stay accommodation establishments",observed
2026-09-11,2022,EL52,Central Macedonia,Slovenia,country,arrivals,6049.0,arrivals,"hotels, similar establishments, tourist campsites, and short-stay accommodation establishments",observed
2026-09-11,2022,EL52,Central Macedonia,Spain,country,arrivals,12580.0,arrivals,"hotels, similar establishments, tourist campsites, and short-stay accommodation establishments",observed
2026-09-11,2022,EL52,Central Macedonia,Sweden,country,arrivals,21333.0,arrivals,"hotels, similar establishments, tourist campsites, and short-stay accommodation establishments",observed
2026-09-11,2022,EL52,Central Macedonia,Switzerland (incl. Liechtenstein),country,arrivals,31266.0,arrivals,"hotels, similar establishments, tourist campsites, and short-stay accommodation establishments",observed
2026-09-11,2022,EL52,Central Macedonia,Turkey,country,arrivals,43570.0,arrivals,"hotels, similar establishments, tourist campsites, and short-stay accommodation establishments",observed
2026-09-11,2022,EL52,Central Macedonia,USA,country,arrivals,44383.0,arrivals,"hotels, similar establishments, tourist campsites, and short-stay accommodation establishments",observed
2026-09-11,2022,EL52,Central Macedonia,United Kingdom,country,arrivals,264051.0,arrivals,"hotels, similar establishments, tourist campsites, and short-stay accommodation establishments",observed
2026-09-11,2022,EL52,Central Macedonia,New Zealand and other Oceanian territories,residual,arrivals,2565.0,arrivals,"hotels, similar establishments, tourist campsites, and short-stay accommodation establishments",observed
2026-09-11,2022,EL52,Central Macedonia,Not specified,residual,arrivals,1776.0,arrivals,"hotels, similar establishments, tourist campsites, and short-stay accommodation establishments",observed
2026-09-11,2022,EL52,Central Macedonia,Other Asian countries,residual,arrivals,96357.0,arrivals,"hotels, similar establishments, tourist campsites, and short-stay accommodation establishments",observed
2026-09-11,2022,EL52,Central Macedonia,Other European countries n.e.s.,residual,arrivals,629305.0,arrivals,"hotels, similar establishments, tourist campsites, and short-stay accommodation establishments",observed
2026-09-11,2022,EL52,Central Macedonia,Australia,country,nights,24803.0,nights,"hotels, similar establishments, tourist campsites, and short-stay accommodation establishments",observed
2026-09-11,2022,EL52,Central Macedonia,Austria,country,nights,138686.0,nights,"hotels, similar establishments, tourist campsites, and short-stay accommodation establishments",observed
2026-09-11,2022,EL52,Central Macedonia,Belgium,country,nights,84224.0,nights,"hotels, similar establishments, tourist campsites, and short-stay accommodation establishments",observed
2026-09-11,2022,EL52,Central Macedonia,Bulgaria,country,nights,1266611.0,nights,"hotels, similar establishments, tourist campsites, and short-stay accommodation establishments",observed
2026-09-11,2022,EL52,Central Macedonia,Canada,country,nights,19251.0,nights,"hotels, similar establishments, tourist campsites, and short-stay accommodation establishments",observed
2026-09-11,2022,EL52,Central Macedonia,Croatia,country,nights,19685.0,nights,"hotels, similar establishments, tourist campsites, and short-stay accommodation establishments",observed
2026-09-11,2022,EL52,Central Macedonia,Cyprus,country,nights,123064.0,nights,"hotels, similar establishments, tourist campsites, and short-stay accommodation establishments",observed
2026-09-11,2022,EL52,Central Macedonia,Czech Republic,country,nights,141818.0,nights,"hotels, similar establishments, tourist campsites, and short-stay accommodation establishments",observed
2026-09-11,2022,EL52,Central Macedonia,Denmark,country,nights,69578.0,nights,"hotels, similar establishments, tourist campsites, and short-stay accommodation establishments",observed
2026-09-11,2022,EL52,Central Macedonia,Estonia,country,nights,4257.0,nights,"hotels, similar establishments, tourist campsites, and short-stay accommodation establishments",observed
2026-09-11,2022,EL52,Central Macedonia,Finland,country,nights,6957.0,nights,"hotels, similar establishments, tourist campsites, and short-stay accommodation establishments",observed
2026-09-11,2022,EL52,Central Macedonia,France,country,nights,196657.0,nights,"hotels, similar establishments, tourist campsites, and short-stay accommodation establishments",observed
2026-09-11,2022,EL52,Central Macedonia,Germany,country,nights,1511312.0,nights,"hotels, similar establishments, tourist campsites, and short-stay accommodation establishments",observed
2026-09-11,2022,EL52,Central Macedonia,Hungary,country,nights,424043.0,nights,"hotels, similar establishments, tourist campsites, and short-stay accommodation establishments",observed
2026-09-11,2022,EL52,Central Macedonia,Iceland,country,nights,1240.0,nights,"hotels, similar establishments, tourist campsites, and short-stay accommodation establishments",observed
2026-09-11,2022,EL52,Central Macedonia,Ireland,country,nights,55847.0,nights,"hotels, similar establishments, tourist campsites, and short-stay accommodation establishments",observed
2026-09-11,2022,EL52,Central Macedonia,Italy,country,nights,178124.0,nights,"hotels, similar establishments, tourist campsites, and short-stay accommodation establishments",observed
2026-09-11,2022,EL52,Central Macedonia,Japan,country,nights,1633.0,nights,"hotels, similar establishments, tourist campsites, and short-stay accommodation establishments",observed
2026-09-11,2022,EL52,Central Macedonia,Latvia,country,nights,7592.0,nights,"hotels, similar establishments, tourist campsites, and short-stay accommodation establishments",observed
2026-09-11,2022,EL52,Central Macedonia,Lithuania,country,nights,8026.0,nights,"hotels, similar establishments, tourist campsites, and short-stay accommodation establishments",observed
2026-09-11,2022,EL52,Central Macedonia,Luxembourg,country,nights,10868.0,nights,"hotels, similar establishments, tourist campsites, and short-stay accommodation establishments",observed
2026-09-11,2022,EL52,Central Macedonia,Malta,country,nights,8210.0,nights,"hotels, similar establishments, tourist campsites, and short-stay accommodation establishments",observed
2026-09-11,2022,EL52,Central Macedonia,Netherlands,country,nights,184252.0,nights,"hotels, similar establishments, tourist campsites, and short-stay accommodation establishments",observed
2026-09-11,2022,EL52,Central Macedonia,Norway,country,nights,15791.0,nights,"hotels, similar establishments, tourist campsites, and short-stay accommodation establishments",observed
2026-09-11,2022,EL52,Central Macedonia,People's republic of China,country,nights,5515.0,nights,"hotels, similar establishments, tourist campsites, and short-stay accommodation establishments",observed
2026-09-11,2022,EL52,Central Macedonia,Poland,country,nights,482972.0,nights,"hotels, similar establishments, tourist campsites, and short-stay accommodation establishments",observed
2026-09-11,2022,EL52,Central Macedonia,Portugal,country,nights,17817.0,nights,"hotels, similar establishments, tourist campsites, and short-stay accommodation establishments",observed
2026-09-11,2022,EL52,Central Macedonia,Romania,country,nights,1753934.0,nights,"hotels, similar establishments, tourist campsites, and short-stay accommodation establishments",observed
2026-09-11,2022,EL52,Central Macedonia,Russia,country,nights,147374.0,nights,"hotels, similar establishments, tourist campsites, and short-stay accommodation establishments",observed
2026-09-11,2022,EL52,Central Macedonia,Slovak Republic,country,nights,126428.0,nights,"hotels, similar establishments, tourist campsites, and short-stay accommodation establishments",observed
2026-09-11,2022,EL52,Central Macedonia,Slovenia,country,nights,32162.0,nights,"hotels, similar establishments, tourist campsites, and short-stay accommodation establishments",observed
2026-09-11,2022,EL52,Central Macedonia,Spain,country,nights,45633.0,nights,"hotels, similar establishments, tourist campsites, and short-stay accommodation establishments",observed
2026-09-11,2022,EL52,Central Macedonia,Sweden,country,nights,80227.0,nights,"hotels, similar establishments, tourist campsites, and short-stay accommodation establishments",observed
2026-09-11,2022,EL52,Central Macedonia,Switzerland (incl. Liechtenstein),country,nights,180314.0,nights,"hotels, similar establishments, tourist campsites, and short-stay accommodation establishments",observed
2026-09-11,2022,EL52,Central Macedonia,Turkey,country,nights,95148.0,nights,"hotels, similar establishments, tourist campsites, and short-stay accommodation establishments",observed
2026-09-11,2022,EL52,Central Macedonia,USA,country,nights,141057.0,nights,"hotels, similar establishments, tourist campsites, and short-stay accommodation establishments",observed
2026-09-11,2022,EL52,Central Macedonia,United Kingdom,country,nights,1327884.0,nights,"hotels, similar establishments, tourist campsites, and short-stay accommodation establishments",observed
2026-09-11,2022,EL52,Central Macedonia,New Zealand and other Oceanian territories,residual,nights,6141.0,nights,"hotels, similar establishments, tourist campsites, and short-stay accommodation establishments",observed
2026-09-11,2022,EL52,Central Macedonia,Not specified,residual,nights,14554.0,nights,"hotels, similar establishments, tourist campsites, and short-stay accommodation establishments",observed
2026-09-11,2022,EL52,Central Macedonia,Other Asian countries,residual,nights,254480.0,nights,"hotels, similar establishments, tourist campsites, and short-stay accommodation establishments",observed
2026-09-11,2022,EL52,Central Macedonia,Other European countries n.e.s.,residual,nights,3566460.0,nights,"hotels, similar establishments, tourist campsites, and short-stay accommodation establishments",observed
2026-09-11,2023,EL52,Central Macedonia,Australia,country,arrivals,14738.0,arrivals,"hotels, similar establishments, tourist campsites, and short-stay accommodation establishments",observed
2026-09-11,2023,EL52,Central Macedonia,Austria,country,arrivals,38523.0,arrivals,"hotels, similar establishments, tourist campsites, and short-stay accommodation establishments",observed
2026-09-11,2023,EL52,Central Macedonia,Belgium,country,arrivals,20295.0,arrivals,"hotels, similar establishments, tourist campsites, and short-stay accommodation establishments",observed
2026-09-11,2023,EL52,Central Macedonia,Bulgaria,country,arrivals,289127.0,arrivals,"hotels, similar establishments, tourist campsites, and short-stay accommodation establishments",observed
2026-09-11,2023,EL52,Central Macedonia,Canada,country,arrivals,7730.0,arrivals,"hotels, similar establishments, tourist campsites, and short-stay accommodation establishments",observed
2026-09-11,2023,EL52,Central Macedonia,Croatia,country,arrivals,7183.0,arrivals,"hotels, similar establishments, tourist campsites, and short-stay accommodation establishments",observed
2026-09-11,2023,EL52,Central Macedonia,Cyprus,country,arrivals,56026.0,arrivals,"hotels, similar establishments, tourist campsites, and short-stay accommodation establishments",observed
2026-09-11,2023,EL52,Central Macedonia,Czechia,country,arrivals,22481.0,arrivals,"hotels, similar establishments, tourist campsites, and short-stay accommodation establishments",observed
2026-09-11,2023,EL52,Central Macedonia,Denmark,country,arrivals,14611.0,arrivals,"hotels, similar establishments, tourist campsites, and short-stay accommodation establishments",observed
2026-09-11,2023,EL52,Central Macedonia,Esthonia,country,arrivals,1777.0,arrivals,"hotels, similar establishments, tourist campsites, and short-stay accommodation establishments",observed
2026-09-11,2023,EL52,Central Macedonia,Finland,country,arrivals,2999.0,arrivals,"hotels, similar establishments, tourist campsites, and short-stay accommodation establishments",observed
2026-09-11,2023,EL52,Central Macedonia,France,country,arrivals,49663.0,arrivals,"hotels, similar establishments, tourist campsites, and short-stay accommodation establishments",observed
2026-09-11,2023,EL52,Central Macedonia,Germany,country,arrivals,295251.0,arrivals,"hotels, similar establishments, tourist campsites, and short-stay accommodation establishments",observed
2026-09-11,2023,EL52,Central Macedonia,Hungary,country,arrivals,58086.0,arrivals,"hotels, similar establishments, tourist campsites, and short-stay accommodation establishments",observed
2026-09-11,2023,EL52,Central Macedonia,Iceland,country,arrivals,802.0,arrivals,"hotels, similar establishments, tourist campsites, and short-stay accommodation establishments",observed
2026-09-11,2023,EL52,Central Macedonia,Ireland,country,arrivals,14454.0,arrivals,"hotels, similar establishments, tourist campsites, and short-stay accommodation establishments",observed
2026-09-11,2023,EL52,Central Macedonia,Italy,country,arrivals,58329.0,arrivals,"hotels, similar establishments, tourist campsites, and short-stay accommodation establishments",observed
2026-09-11,2023,EL52,Central Macedonia,Japan,country,arrivals,1782.0,arrivals,"hotels, similar establishments, tourist campsites, and short-stay accommodation establishments",observed
2026-09-11,2023,EL52,Central Macedonia,Latvia,country,arrivals,2736.0,arrivals,"hotels, similar establishments, tourist campsites, and short-stay accommodation establishments",observed
2026-09-11,2023,EL52,Central Macedonia,Lithuania,country,arrivals,2926.0,arrivals,"hotels, similar establishments, tourist campsites, and short-stay accommodation establishments",observed
2026-09-11,2023,EL52,Central Macedonia,Luxembourg,country,arrivals,2404.0,arrivals,"hotels, similar establishments, tourist campsites, and short-stay accommodation establishments",observed
2026-09-11,2023,EL52,Central Macedonia,Malta,country,arrivals,3234.0,arrivals,"hotels, similar establishments, tourist campsites, and short-stay accommodation establishments",observed
2026-09-11,2023,EL52,Central Macedonia,Netherlands,country,arrivals,41088.0,arrivals,"hotels, similar establishments, tourist campsites, and short-stay accommodation establishments",observed
2026-09-11,2023,EL52,Central Macedonia,Norway,country,arrivals,4102.0,arrivals,"hotels, similar establishments, tourist campsites, and short-stay accommodation establishments",observed
2026-09-11,2023,EL52,Central Macedonia,People's republic of  China,country,arrivals,5812.0,arrivals,"hotels, similar establishments, tourist campsites, and short-stay accommodation establishments",observed
2026-09-11,2023,EL52,Central Macedonia,Poland,country,arrivals,118671.0,arrivals,"hotels, similar establishments, tourist campsites, and short-stay accommodation establishments",observed
2026-09-11,2023,EL52,Central Macedonia,Portugal,country,arrivals,4127.0,arrivals,"hotels, similar establishments, tourist campsites, and short-stay accommodation establishments",observed
2026-09-11,2023,EL52,Central Macedonia,Romania,country,arrivals,348350.0,arrivals,"hotels, similar establishments, tourist campsites, and short-stay accommodation establishments",observed
2026-09-11,2023,EL52,Central Macedonia,Russia,country,arrivals,24253.0,arrivals,"hotels, similar establishments, tourist campsites, and short-stay accommodation establishments",observed
2026-09-11,2023,EL52,Central Macedonia,Slovakia,country,arrivals,20471.0,arrivals,"hotels, similar establishments, tourist campsites, and short-stay accommodation establishments",observed
2026-09-11,2023,EL52,Central Macedonia,Slovenia,country,arrivals,6916.0,arrivals,"hotels, similar establishments, tourist campsites, and short-stay accommodation establishments",observed
2026-09-11,2023,EL52,Central Macedonia,Spain,country,arrivals,17089.0,arrivals,"hotels, similar establishments, tourist campsites, and short-stay accommodation establishments",observed
2026-09-11,2023,EL52,Central Macedonia,Sweden,country,arrivals,23447.0,arrivals,"hotels, similar establishments, tourist campsites, and short-stay accommodation establishments",observed
2026-09-11,2023,EL52,Central Macedonia,Switzerland (incl. Liechtenstein),country,arrivals,32563.0,arrivals,"hotels, similar establishments, tourist campsites, and short-stay accommodation establishments",observed
2026-09-11,2023,EL52,Central Macedonia,Turkey,country,arrivals,104346.0,arrivals,"hotels, similar establishments, tourist campsites, and short-stay accommodation establishments",observed
2026-09-11,2023,EL52,Central Macedonia,USA,country,arrivals,60716.0,arrivals,"hotels, similar establishments, tourist campsites, and short-stay accommodation establishments",observed
2026-09-11,2023,EL52,Central Macedonia,United Kingdom,country,arrivals,249189.0,arrivals,"hotels, similar establishments, tourist campsites, and short-stay accommodation establishments",observed
2026-09-11,2023,EL52,Central Macedonia,New Zealand and other Oceanian,residual,arrivals,1941.0,arrivals,"hotels, similar establishments, tourist campsites, and short-stay accommodation establishments",observed
2026-09-11,2023,EL52,Central Macedonia,Not specified,residual,arrivals,5486.0,arrivals,"hotels, similar establishments, tourist campsites, and short-stay accommodation establishments",observed
2026-09-11,2023,EL52,Central Macedonia,Other Asian countries,residual,arrivals,107473.0,arrivals,"hotels, similar establishments, tourist campsites, and short-stay accommodation establishments",observed
2026-09-11,2023,EL52,Central Macedonia,Other European Countries,residual,arrivals,636572.0,arrivals,"hotels, similar establishments, tourist campsites, and short-stay accommodation establishments",observed
2026-09-11,2023,EL52,Central Macedonia,Australia,country,nights,45064.0,nights,"hotels, similar establishments, tourist campsites, and short-stay accommodation establishments",observed
2026-09-11,2023,EL52,Central Macedonia,Austria,country,nights,180595.0,nights,"hotels, similar establishments, tourist campsites, and short-stay accommodation establishments",observed
2026-09-11,2023,EL52,Central Macedonia,Belgium,country,nights,82889.0,nights,"hotels, similar establishments, tourist campsites, and short-stay accommodation establishments",observed
2026-09-11,2023,EL52,Central Macedonia,Bulgaria,country,nights,1295206.0,nights,"hotels, similar establishments, tourist campsites, and short-stay accommodation establishments",observed
2026-09-11,2023,EL52,Central Macedonia,Canada,country,nights,22686.0,nights,"hotels, similar establishments, tourist campsites, and short-stay accommodation establishments",observed
2026-09-11,2023,EL52,Central Macedonia,Croatia,country,nights,19751.0,nights,"hotels, similar establishments, tourist campsites, and short-stay accommodation establishments",observed
2026-09-11,2023,EL52,Central Macedonia,Cyprus,country,nights,153215.0,nights,"hotels, similar establishments, tourist campsites, and short-stay accommodation establishments",observed
2026-09-11,2023,EL52,Central Macedonia,Czechia,country,nights,123477.0,nights,"hotels, similar establishments, tourist campsites, and short-stay accommodation establishments",observed
2026-09-11,2023,EL52,Central Macedonia,Denmark,country,nights,50297.0,nights,"hotels, similar establishments, tourist campsites, and short-stay accommodation establishments",observed
2026-09-11,2023,EL52,Central Macedonia,Esthonia,country,nights,6486.0,nights,"hotels, similar establishments, tourist campsites, and short-stay accommodation establishments",observed
2026-09-11,2023,EL52,Central Macedonia,Finland,country,nights,9603.0,nights,"hotels, similar establishments, tourist campsites, and short-stay accommodation establishments",observed
2026-09-11,2023,EL52,Central Macedonia,France,country,nights,175495.0,nights,"hotels, similar establishments, tourist campsites, and short-stay accommodation establishments",observed
2026-09-11,2023,EL52,Central Macedonia,Germany,country,nights,1532386.0,nights,"hotels, similar establishments, tourist campsites, and short-stay accommodation establishments",observed
2026-09-11,2023,EL52,Central Macedonia,Hungary,country,nights,342624.0,nights,"hotels, similar establishments, tourist campsites, and short-stay accommodation establishments",observed
2026-09-11,2023,EL52,Central Macedonia,Iceland,country,nights,1989.0,nights,"hotels, similar establishments, tourist campsites, and short-stay accommodation establishments",observed
2026-09-11,2023,EL52,Central Macedonia,Ireland,country,nights,67738.0,nights,"hotels, similar establishments, tourist campsites, and short-stay accommodation establishments",observed
2026-09-11,2023,EL52,Central Macedonia,Italy,country,nights,211065.0,nights,"hotels, similar establishments, tourist campsites, and short-stay accommodation establishments",observed
2026-09-11,2023,EL52,Central Macedonia,Japan,country,nights,4065.0,nights,"hotels, similar establishments, tourist campsites, and short-stay accommodation establishments",observed
2026-09-11,2023,EL52,Central Macedonia,Latvia,country,nights,12352.0,nights,"hotels, similar establishments, tourist campsites, and short-stay accommodation establishments",observed
2026-09-11,2023,EL52,Central Macedonia,Lithuania,country,nights,9726.0,nights,"hotels, similar establishments, tourist campsites, and short-stay accommodation establishments",observed
2026-09-11,2023,EL52,Central Macedonia,Luxembourg,country,nights,12282.0,nights,"hotels, similar establishments, tourist campsites, and short-stay accommodation establishments",observed
2026-09-11,2023,EL52,Central Macedonia,Malta,country,nights,12010.0,nights,"hotels, similar establishments, tourist campsites, and short-stay accommodation establishments",observed
2026-09-11,2023,EL52,Central Macedonia,Netherlands,country,nights,193539.0,nights,"hotels, similar establishments, tourist campsites, and short-stay accommodation establishments",observed
2026-09-11,2023,EL52,Central Macedonia,Norway,country,nights,17236.0,nights,"hotels, similar establishments, tourist campsites, and short-stay accommodation establishments",observed
2026-09-11,2023,EL52,Central Macedonia,People's republic of  China,country,nights,12604.0,nights,"hotels, similar establishments, tourist campsites, and short-stay accommodation establishments",observed
2026-09-11,2023,EL52,Central Macedonia,Poland,country,nights,516689.0,nights,"hotels, similar establishments, tourist campsites, and short-stay accommodation establishments",observed
2026-09-11,2023,EL52,Central Macedonia,Portugal,country,nights,13671.0,nights,"hotels, similar establishments, tourist campsites, and short-stay accommodation establishments",observed
2026-09-11,2023,EL52,Central Macedonia,Romania,country,nights,1727905.0,nights,"hotels, similar establishments, tourist campsites, and short-stay accommodation establishments",observed
2026-09-11,2023,EL52,Central Macedonia,Russia,country,nights,112686.0,nights,"hotels, similar establishments, tourist campsites, and short-stay accommodation establishments",observed
2026-09-11,2023,EL52,Central Macedonia,Slovakia,country,nights,141164.0,nights,"hotels, similar establishments, tourist campsites, and short-stay accommodation establishments",observed
2026-09-11,2023,EL52,Central Macedonia,Slovenia,country,nights,29315.0,nights,"hotels, similar establishments, tourist campsites, and short-stay accommodation establishments",observed
2026-09-11,2023,EL52,Central Macedonia,Spain,country,nights,62295.0,nights,"hotels, similar establishments, tourist campsites, and short-stay accommodation establishments",observed
2026-09-11,2023,EL52,Central Macedonia,Sweden,country,nights,144989.0,nights,"hotels, similar establishments, tourist campsites, and short-stay accommodation establishments",observed
2026-09-11,2023,EL52,Central Macedonia,Switzerland (incl. Liechtenstein),country,nights,167516.0,nights,"hotels, similar establishments, tourist campsites, and short-stay accommodation establishments",observed
2026-09-11,2023,EL52,Central Macedonia,Turkey,country,nights,209767.0,nights,"hotels, similar establishments, tourist campsites, and short-stay accommodation establishments",observed
2026-09-11,2023,EL52,Central Macedonia,USA,country,nights,200744.0,nights,"hotels, similar establishments, tourist campsites, and short-stay accommodation establishments",observed
2026-09-11,2023,EL52,Central Macedonia,United Kingdom,country,nights,1186777.0,nights,"hotels, similar establishments, tourist campsites, and short-stay accommodation establishments",observed
2026-09-11,2023,EL52,Central Macedonia,New Zealand and other Oceanian,residual,nights,4454.0,nights,"hotels, similar establishments, tourist campsites, and short-stay accommodation establishments",observed
2026-09-11,2023,EL52,Central Macedonia,Not specified,residual,nights,9234.0,nights,"hotels, similar establishments, tourist campsites, and short-stay accommodation establishments",observed
2026-09-11,2023,EL52,Central Macedonia,Other Asian countries,residual,nights,286023.0,nights,"hotels, similar establishments, tourist campsites, and short-stay accommodation establishments",observed
2026-09-11,2023,EL52,Central Macedonia,Other European Countries,residual,nights,3858257.0,nights,"hotels, similar establishments, tourist campsites, and short-stay accommodation establishments",observed
2026-09-11,2024,EL52,Central Macedonia,Australia,country,arrivals,17457.0,arrivals,"hotels, similar establishments, tourist campsites, and short-stay accommodation establishments",observed
2026-09-11,2024,EL52,Central Macedonia,Austria,country,arrivals,30682.0,arrivals,"hotels, similar establishments, tourist campsites, and short-stay accommodation establishments",observed
2026-09-11,2024,EL52,Central Macedonia,Belgium,country,arrivals,23988.0,arrivals,"hotels, similar establishments, tourist campsites, and short-stay accommodation establishments",observed
2026-09-11,2024,EL52,Central Macedonia,Bulgaria,country,arrivals,284486.0,arrivals,"hotels, similar establishments, tourist campsites, and short-stay accommodation establishments",observed
2026-09-11,2024,EL52,Central Macedonia,Canada,country,arrivals,9163.0,arrivals,"hotels, similar establishments, tourist campsites, and short-stay accommodation establishments",observed
2026-09-11,2024,EL52,Central Macedonia,Croatia,country,arrivals,13749.0,arrivals,"hotels, similar establishments, tourist campsites, and short-stay accommodation establishments",observed
2026-09-11,2024,EL52,Central Macedonia,Cyprus,country,arrivals,54181.0,arrivals,"hotels, similar establishments, tourist campsites, and short-stay accommodation establishments",observed
2026-09-11,2024,EL52,Central Macedonia,Czechia,country,arrivals,18189.0,arrivals,"hotels, similar establishments, tourist campsites, and short-stay accommodation establishments",observed
2026-09-11,2024,EL52,Central Macedonia,Denmark,country,arrivals,9475.0,arrivals,"hotels, similar establishments, tourist campsites, and short-stay accommodation establishments",observed
2026-09-11,2024,EL52,Central Macedonia,Esthonia,country,arrivals,1935.0,arrivals,"hotels, similar establishments, tourist campsites, and short-stay accommodation establishments",observed
2026-09-11,2024,EL52,Central Macedonia,Finland,country,arrivals,6693.0,arrivals,"hotels, similar establishments, tourist campsites, and short-stay accommodation establishments",observed
2026-09-11,2024,EL52,Central Macedonia,France,country,arrivals,49641.0,arrivals,"hotels, similar establishments, tourist campsites, and short-stay accommodation establishments",observed
2026-09-11,2024,EL52,Central Macedonia,Germany,country,arrivals,293086.0,arrivals,"hotels, similar establishments, tourist campsites, and short-stay accommodation establishments",observed
2026-09-11,2024,EL52,Central Macedonia,Hungary,country,arrivals,46615.0,arrivals,"hotels, similar establishments, tourist campsites, and short-stay accommodation establishments",observed
2026-09-11,2024,EL52,Central Macedonia,Iceland,country,arrivals,708.0,arrivals,"hotels, similar establishments, tourist campsites, and short-stay accommodation establishments",observed
2026-09-11,2024,EL52,Central Macedonia,Ireland,country,arrivals,15866.0,arrivals,"hotels, similar establishments, tourist campsites, and short-stay accommodation establishments",observed
2026-09-11,2024,EL52,Central Macedonia,Italy,country,arrivals,59934.0,arrivals,"hotels, similar establishments, tourist campsites, and short-stay accommodation establishments",observed
2026-09-11,2024,EL52,Central Macedonia,Japan,country,arrivals,2325.0,arrivals,"hotels, similar establishments, tourist campsites, and short-stay accommodation establishments",observed
2026-09-11,2024,EL52,Central Macedonia,Latvia,country,arrivals,2115.0,arrivals,"hotels, similar establishments, tourist campsites, and short-stay accommodation establishments",observed
2026-09-11,2024,EL52,Central Macedonia,Lithuania,country,arrivals,2426.0,arrivals,"hotels, similar establishments, tourist campsites, and short-stay accommodation establishments",observed
2026-09-11,2024,EL52,Central Macedonia,Luxembourg,country,arrivals,2400.0,arrivals,"hotels, similar establishments, tourist campsites, and short-stay accommodation establishments",observed
2026-09-11,2024,EL52,Central Macedonia,Malta,country,arrivals,3942.0,arrivals,"hotels, similar establishments, tourist campsites, and short-stay accommodation establishments",observed
2026-09-11,2024,EL52,Central Macedonia,Netherlands,country,arrivals,49059.0,arrivals,"hotels, similar establishments, tourist campsites, and short-stay accommodation establishments",observed
2026-09-11,2024,EL52,Central Macedonia,Norway,country,arrivals,4818.0,arrivals,"hotels, similar establishments, tourist campsites, and short-stay accommodation establishments",observed
2026-09-11,2024,EL52,Central Macedonia,People's republic of  China,country,arrivals,7711.0,arrivals,"hotels, similar establishments, tourist campsites, and short-stay accommodation establishments",observed
2026-09-11,2024,EL52,Central Macedonia,Poland,country,arrivals,99620.0,arrivals,"hotels, similar establishments, tourist campsites, and short-stay accommodation establishments",observed
2026-09-11,2024,EL52,Central Macedonia,Portugal,country,arrivals,4295.0,arrivals,"hotels, similar establishments, tourist campsites, and short-stay accommodation establishments",observed
2026-09-11,2024,EL52,Central Macedonia,Romania,country,arrivals,387109.0,arrivals,"hotels, similar establishments, tourist campsites, and short-stay accommodation establishments",observed
2026-09-11,2024,EL52,Central Macedonia,Russia,country,arrivals,32450.0,arrivals,"hotels, similar establishments, tourist campsites, and short-stay accommodation establishments",observed
2026-09-11,2024,EL52,Central Macedonia,Slovakia,country,arrivals,13837.0,arrivals,"hotels, similar establishments, tourist campsites, and short-stay accommodation establishments",observed
2026-09-11,2024,EL52,Central Macedonia,Slovenia,country,arrivals,6799.0,arrivals,"hotels, similar establishments, tourist campsites, and short-stay accommodation establishments",observed
2026-09-11,2024,EL52,Central Macedonia,Spain,country,arrivals,16661.0,arrivals,"hotels, similar establishments, tourist campsites, and short-stay accommodation establishments",observed
2026-09-11,2024,EL52,Central Macedonia,Sweden,country,arrivals,19555.0,arrivals,"hotels, similar establishments, tourist campsites, and short-stay accommodation establishments",observed
2026-09-11,2024,EL52,Central Macedonia,Switzerland (incl. Liechtenstein),country,arrivals,39876.0,arrivals,"hotels, similar establishments, tourist campsites, and short-stay accommodation establishments",observed
2026-09-11,2024,EL52,Central Macedonia,Turkey,country,arrivals,151621.0,arrivals,"hotels, similar establishments, tourist campsites, and short-stay accommodation establishments",observed
2026-09-11,2024,EL52,Central Macedonia,USA,country,arrivals,73183.0,arrivals,"hotels, similar establishments, tourist campsites, and short-stay accommodation establishments",observed
2026-09-11,2024,EL52,Central Macedonia,United Kingdom,country,arrivals,272284.0,arrivals,"hotels, similar establishments, tourist campsites, and short-stay accommodation establishments",observed
2026-09-11,2024,EL52,Central Macedonia,New Zealand and other Oceanian,residual,arrivals,1328.0,arrivals,"hotels, similar establishments, tourist campsites, and short-stay accommodation establishments",observed
2026-09-11,2024,EL52,Central Macedonia,Not specified,residual,arrivals,1692.0,arrivals,"hotels, similar establishments, tourist campsites, and short-stay accommodation establishments",observed
2026-09-11,2024,EL52,Central Macedonia,Other Asian countries,residual,arrivals,100430.0,arrivals,"hotels, similar establishments, tourist campsites, and short-stay accommodation establishments",observed
2026-09-11,2024,EL52,Central Macedonia,Other European Countries,residual,arrivals,758548.0,arrivals,"hotels, similar establishments, tourist campsites, and short-stay accommodation establishments",observed
2026-09-11,2024,EL52,Central Macedonia,Australia,country,nights,46649.0,nights,"hotels, similar establishments, tourist campsites, and short-stay accommodation establishments",observed
2026-09-11,2024,EL52,Central Macedonia,Austria,country,nights,159886.0,nights,"hotels, similar establishments, tourist campsites, and short-stay accommodation establishments",observed
2026-09-11,2024,EL52,Central Macedonia,Belgium,country,nights,98041.0,nights,"hotels, similar establishments, tourist campsites, and short-stay accommodation establishments",observed
2026-09-11,2024,EL52,Central Macedonia,Bulgaria,country,nights,1197473.0,nights,"hotels, similar establishments, tourist campsites, and short-stay accommodation establishments",observed
2026-09-11,2024,EL52,Central Macedonia,Canada,country,nights,26629.0,nights,"hotels, similar establishments, tourist campsites, and short-stay accommodation establishments",observed
2026-09-11,2024,EL52,Central Macedonia,Croatia,country,nights,66855.0,nights,"hotels, similar establishments, tourist campsites, and short-stay accommodation establishments",observed
2026-09-11,2024,EL52,Central Macedonia,Cyprus,country,nights,145464.0,nights,"hotels, similar establishments, tourist campsites, and short-stay accommodation establishments",observed
2026-09-11,2024,EL52,Central Macedonia,Czechia,country,nights,98807.0,nights,"hotels, similar establishments, tourist campsites, and short-stay accommodation establishments",observed
2026-09-11,2024,EL52,Central Macedonia,Denmark,country,nights,57582.0,nights,"hotels, similar establishments, tourist campsites, and short-stay accommodation establishments",observed
2026-09-11,2024,EL52,Central Macedonia,Esthonia,country,nights,6034.0,nights,"hotels, similar establishments, tourist campsites, and short-stay accommodation establishments",observed
2026-09-11,2024,EL52,Central Macedonia,Finland,country,nights,22003.0,nights,"hotels, similar establishments, tourist campsites, and short-stay accommodation establishments",observed
2026-09-11,2024,EL52,Central Macedonia,France,country,nights,189246.0,nights,"hotels, similar establishments, tourist campsites, and short-stay accommodation establishments",observed
2026-09-11,2024,EL52,Central Macedonia,Germany,country,nights,1549790.0,nights,"hotels, similar establishments, tourist campsites, and short-stay accommodation establishments",observed
2026-09-11,2024,EL52,Central Macedonia,Hungary,country,nights,278896.0,nights,"hotels, similar establishments, tourist campsites, and short-stay accommodation establishments",observed
2026-09-11,2024,EL52,Central Macedonia,Iceland,country,nights,2240.0,nights,"hotels, similar establishments, tourist campsites, and short-stay accommodation establishments",observed
2026-09-11,2024,EL52,Central Macedonia,Ireland,country,nights,64282.0,nights,"hotels, similar establishments, tourist campsites, and short-stay accommodation establishments",observed
2026-09-11,2024,EL52,Central Macedonia,Italy,country,nights,206080.0,nights,"hotels, similar establishments, tourist campsites, and short-stay accommodation establishments",observed
2026-09-11,2024,EL52,Central Macedonia,Japan,country,nights,4355.0,nights,"hotels, similar establishments, tourist campsites, and short-stay accommodation establishments",observed
2026-09-11,2024,EL52,Central Macedonia,Latvia,country,nights,7215.0,nights,"hotels, similar establishments, tourist campsites, and short-stay accommodation establishments",observed
2026-09-11,2024,EL52,Central Macedonia,Lithuania,country,nights,8659.0,nights,"hotels, similar establishments, tourist campsites, and short-stay accommodation establishments",observed
2026-09-11,2024,EL52,Central Macedonia,Luxembourg,country,nights,12461.0,nights,"hotels, similar establishments, tourist campsites, and short-stay accommodation establishments",observed
2026-09-11,2024,EL52,Central Macedonia,Malta,country,nights,12879.0,nights,"hotels, similar establishments, tourist campsites, and short-stay accommodation establishments",observed
2026-09-11,2024,EL52,Central Macedonia,Netherlands,country,nights,212301.0,nights,"hotels, similar establishments, tourist campsites, and short-stay accommodation establishments",observed
2026-09-11,2024,EL52,Central Macedonia,Norway,country,nights,21545.0,nights,"hotels, similar establishments, tourist campsites, and short-stay accommodation establishments",observed
2026-09-11,2024,EL52,Central Macedonia,People's republic of  China,country,nights,14618.0,nights,"hotels, similar establishments, tourist campsites, and short-stay accommodation establishments",observed
2026-09-11,2024,EL52,Central Macedonia,Poland,country,nights,474241.0,nights,"hotels, similar establishments, tourist campsites, and short-stay accommodation establishments",observed
2026-09-11,2024,EL52,Central Macedonia,Portugal,country,nights,14008.0,nights,"hotels, similar establishments, tourist campsites, and short-stay accommodation establishments",observed
2026-09-11,2024,EL52,Central Macedonia,Romania,country,nights,1930477.0,nights,"hotels, similar establishments, tourist campsites, and short-stay accommodation establishments",observed
2026-09-11,2024,EL52,Central Macedonia,Russia,country,nights,125273.0,nights,"hotels, similar establishments, tourist campsites, and short-stay accommodation establishments",observed
2026-09-11,2024,EL52,Central Macedonia,Slovakia,country,nights,82219.0,nights,"hotels, similar establishments, tourist campsites, and short-stay accommodation establishments",observed
2026-09-11,2024,EL52,Central Macedonia,Slovenia,country,nights,26326.0,nights,"hotels, similar establishments, tourist campsites, and short-stay accommodation establishments",observed
2026-09-11,2024,EL52,Central Macedonia,Spain,country,nights,58018.0,nights,"hotels, similar establishments, tourist campsites, and short-stay accommodation establishments",observed
2026-09-11,2024,EL52,Central Macedonia,Sweden,country,nights,93964.0,nights,"hotels, similar establishments, tourist campsites, and short-stay accommodation establishments",observed
2026-09-11,2024,EL52,Central Macedonia,Switzerland (incl. Liechtenstein),country,nights,181202.0,nights,"hotels, similar establishments, tourist campsites, and short-stay accommodation establishments",observed
2026-09-11,2024,EL52,Central Macedonia,Turkey,country,nights,318225.0,nights,"hotels, similar establishments, tourist campsites, and short-stay accommodation establishments",observed
2026-09-11,2024,EL52,Central Macedonia,USA,country,nights,228573.0,nights,"hotels, similar establishments, tourist campsites, and short-stay accommodation establishments",observed
2026-09-11,2024,EL52,Central Macedonia,United Kingdom,country,nights,1099990.0,nights,"hotels, similar establishments, tourist campsites, and short-stay accommodation establishments",observed
2026-09-11,2024,EL52,Central Macedonia,New Zealand and other Oceanian,residual,nights,2900.0,nights,"hotels, similar establishments, tourist campsites, and short-stay accommodation establishments",observed
2026-09-11,2024,EL52,Central Macedonia,Not specified,residual,nights,5816.0,nights,"hotels, similar establishments, tourist campsites, and short-stay accommodation establishments",observed
2026-09-11,2024,EL52,Central Macedonia,Other Asian countries,residual,nights,255480.0,nights,"hotels, similar establishments, tourist campsites, and short-stay accommodation establishments",observed
2026-09-11,2024,EL52,Central Macedonia,Other European Countries,residual,nights,4726420.0,nights,"hotels, similar establishments, tourist campsites, and short-stay accommodation establishments",observed
2026-09-11,2023,GR,Greece,Australia,country,arrivals,589127.0,arrivals,"hotels, similar establishments, tourist campsites, and short-stay accommodation establishments",observed
2026-09-11,2023,GR,Greece,Austria,country,arrivals,436467.0,arrivals,"hotels, similar establishments, tourist campsites, and short-stay accommodation establishments",observed
2026-09-11,2023,GR,Greece,Belgium,country,arrivals,434049.0,arrivals,"hotels, similar establishments, tourist campsites, and short-stay accommodation establishments",observed
2026-09-11,2023,GR,Greece,Bulgaria,country,arrivals,535252.0,arrivals,"hotels, similar establishments, tourist campsites, and short-stay accommodation establishments",observed
2026-09-11,2023,GR,Greece,Canada,country,arrivals,385448.0,arrivals,"hotels, similar establishments, tourist campsites, and short-stay accommodation establishments",observed
2026-09-11,2023,GR,Greece,Croatia,country,arrivals,40600.0,arrivals,"hotels, similar establishments, tourist campsites, and short-stay accommodation establishments",observed
2026-09-11,2023,GR,Greece,Cyprus,country,arrivals,285681.0,arrivals,"hotels, similar establishments, tourist campsites, and short-stay accommodation establishments",observed
2026-09-11,2023,GR,Greece,Czechia,country,arrivals,428547.0,arrivals,"hotels, similar establishments, tourist campsites, and short-stay accommodation establishments",observed
2026-09-11,2023,GR,Greece,Denmark,country,arrivals,433605.0,arrivals,"hotels, similar establishments, tourist campsites, and short-stay accommodation establishments",observed
2026-09-11,2023,GR,Greece,Esthonia,country,arrivals,37975.0,arrivals,"hotels, similar establishments, tourist campsites, and short-stay accommodation establishments",observed
2026-09-11,2023,GR,Greece,Finland,country,arrivals,278845.0,arrivals,"hotels, similar establishments, tourist campsites, and short-stay accommodation establishments",observed
2026-09-11,2023,GR,Greece,France,country,arrivals,1896705.0,arrivals,"hotels, similar establishments, tourist campsites, and short-stay accommodation establishments",observed
2026-09-11,2023,GR,Greece,Germany,country,arrivals,3459026.0,arrivals,"hotels, similar establishments, tourist campsites, and short-stay accommodation establishments",observed
2026-09-11,2023,GR,Greece,Hungary,country,arrivals,186140.0,arrivals,"hotels, similar establishments, tourist campsites, and short-stay accommodation establishments",observed
2026-09-11,2023,GR,Greece,Iceland,country,arrivals,14458.0,arrivals,"hotels, similar establishments, tourist campsites, and short-stay accommodation establishments",observed
2026-09-11,2023,GR,Greece,Ireland,country,arrivals,190012.0,arrivals,"hotels, similar establishments, tourist campsites, and short-stay accommodation establishments",observed
2026-09-11,2023,GR,Greece,Italy,country,arrivals,1297710.0,arrivals,"hotels, similar establishments, tourist campsites, and short-stay accommodation establishments",observed
2026-09-11,2023,GR,Greece,Japan,country,arrivals,61867.0,arrivals,"hotels, similar establishments, tourist campsites, and short-stay accommodation establishments",observed
2026-09-11,2023,GR,Greece,Latvia,country,arrivals,37847.0,arrivals,"hotels, similar establishments, tourist campsites, and short-stay accommodation establishments",observed
2026-09-11,2023,GR,Greece,Lithuania,country,arrivals,89655.0,arrivals,"hotels, similar establishments, tourist campsites, and short-stay accommodation establishments",observed
2026-09-11,2023,GR,Greece,Luxembourg,country,arrivals,32524.0,arrivals,"hotels, similar establishments, tourist campsites, and short-stay accommodation establishments",observed
2026-09-11,2023,GR,Greece,Malta,country,arrivals,19496.0,arrivals,"hotels, similar establishments, tourist campsites, and short-stay accommodation establishments",observed
2026-09-11,2023,GR,Greece,Netherlands,country,arrivals,1006055.0,arrivals,"hotels, similar establishments, tourist campsites, and short-stay accommodation establishments",observed
2026-09-11,2023,GR,Greece,Norway,country,arrivals,370329.0,arrivals,"hotels, similar establishments, tourist campsites, and short-stay accommodation establishments",observed
2026-09-11,2023,GR,Greece,People's republic of  China,country,arrivals,165987.0,arrivals,"hotels, similar establishments, tourist campsites, and short-stay accommodation establishments",observed
2026-09-11,2023,GR,Greece,Poland,country,arrivals,1006816.0,arrivals,"hotels, similar establishments, tourist campsites, and short-stay accommodation establishments",observed
2026-09-11,2023,GR,Greece,Portugal,country,arrivals,90439.0,arrivals,"hotels, similar establishments, tourist campsites, and short-stay accommodation establishments",observed
2026-09-11,2023,GR,Greece,Romania,country,arrivals,919214.0,arrivals,"hotels, similar establishments, tourist campsites, and short-stay accommodation establishments",observed
2026-09-11,2023,GR,Greece,Russia,country,arrivals,97367.0,arrivals,"hotels, similar establishments, tourist campsites, and short-stay accommodation establishments",observed
2026-09-11,2023,GR,Greece,Slovakia,country,arrivals,131136.0,arrivals,"hotels, similar establishments, tourist campsites, and short-stay accommodation establishments",observed
2026-09-11,2023,GR,Greece,Slovenia,country,arrivals,64616.0,arrivals,"hotels, similar establishments, tourist campsites, and short-stay accommodation establishments",observed
2026-09-11,2023,GR,Greece,Spain,country,arrivals,431631.0,arrivals,"hotels, similar establishments, tourist campsites, and short-stay accommodation establishments",observed
2026-09-11,2023,GR,Greece,Sweden,country,arrivals,614299.0,arrivals,"hotels, similar establishments, tourist campsites, and short-stay accommodation establishments",observed
2026-09-11,2023,GR,Greece,Switzerland (incl. Liechtenstein),country,arrivals,429234.0,arrivals,"hotels, similar establishments, tourist campsites, and short-stay accommodation establishments",observed
2026-09-11,2023,GR,Greece,Turkey,country,arrivals,453448.0,arrivals,"hotels, similar establishments, tourist campsites, and short-stay accommodation establishments",observed
2026-09-11,2023,GR,Greece,USA,country,arrivals,2393959.0,arrivals,"hotels, similar establishments, tourist campsites, and short-stay accommodation establishments",observed
2026-09-11,2023,GR,Greece,United Kingdom,country,arrivals,4062317.0,arrivals,"hotels, similar establishments, tourist campsites, and short-stay accommodation establishments",observed
2026-09-11,2023,GR,Greece,New Zealand and other Oceanian,residual,arrivals,53139.0,arrivals,"hotels, similar establishments, tourist campsites, and short-stay accommodation establishments",observed
2026-09-11,2023,GR,Greece,Not specified,residual,arrivals,22063.0,arrivals,"hotels, similar establishments, tourist campsites, and short-stay accommodation establishments",observed
2026-09-11,2023,GR,Greece,Other Asian countries,residual,arrivals,1251664.0,arrivals,"hotels, similar establishments, tourist campsites, and short-stay accommodation establishments",observed
2026-09-11,2023,GR,Greece,Other European Countries,residual,arrivals,1089672.0,arrivals,"hotels, similar establishments, tourist campsites, and short-stay accommodation establishments",observed
2026-09-11,2023,GR,Greece,Australia,country,nights,1721904.0,nights,"hotels, similar establishments, tourist campsites, and short-stay accommodation establishments",observed
2026-09-11,2023,GR,Greece,Austria,country,nights,2338655.0,nights,"hotels, similar establishments, tourist campsites, and short-stay accommodation establishments",observed
2026-09-11,2023,GR,Greece,Belgium,country,nights,2121711.0,nights,"hotels, similar establishments, tourist campsites, and short-stay accommodation establishments",observed
2026-09-11,2023,GR,Greece,Bulgaria,country,nights,2294666.0,nights,"hotels, similar establishments, tourist campsites, and short-stay accommodation establishments",observed
2026-09-11,2023,GR,Greece,Canada,country,nights,1022776.0,nights,"hotels, similar establishments, tourist campsites, and short-stay accommodation establishments",observed
2026-09-11,2023,GR,Greece,Croatia,country,nights,137541.0,nights,"hotels, similar establishments, tourist campsites, and short-stay accommodation establishments",observed
2026-09-11,2023,GR,Greece,Cyprus,country,nights,813866.0,nights,"hotels, similar establishments, tourist campsites, and short-stay accommodation establishments",observed
2026-09-11,2023,GR,Greece,Czechia,country,nights,2570539.0,nights,"hotels, similar establishments, tourist campsites, and short-stay accommodation establishments",observed
2026-09-11,2023,GR,Greece,Denmark,country,nights,2667446.0,nights,"hotels, similar establishments, tourist campsites, and short-stay accommodation establishments",observed
2026-09-11,2023,GR,Greece,Esthonia,country,nights,188761.0,nights,"hotels, similar establishments, tourist campsites, and short-stay accommodation establishments",observed
2026-09-11,2023,GR,Greece,Finland,country,nights,1715191.0,nights,"hotels, similar establishments, tourist campsites, and short-stay accommodation establishments",observed
2026-09-11,2023,GR,Greece,France,country,nights,7753777.0,nights,"hotels, similar establishments, tourist campsites, and short-stay accommodation establishments",observed
2026-09-11,2023,GR,Greece,Germany,country,nights,20811988.0,nights,"hotels, similar establishments, tourist campsites, and short-stay accommodation establishments",observed
2026-09-11,2023,GR,Greece,Hungary,country,nights,1012198.0,nights,"hotels, similar establishments, tourist campsites, and short-stay accommodation establishments",observed
2026-09-11,2023,GR,Greece,Iceland,country,nights,71513.0,nights,"hotels, similar establishments, tourist campsites, and short-stay accommodation establishments",observed
2026-09-11,2023,GR,Greece,Ireland,country,nights,844052.0,nights,"hotels, similar establishments, tourist campsites, and short-stay accommodation establishments",observed
2026-09-11,2023,GR,Greece,Italy,country,nights,5415947.0,nights,"hotels, similar establishments, tourist campsites, and short-stay accommodation establishments",observed
2026-09-11,2023,GR,Greece,Japan,country,nights,122272.0,nights,"hotels, similar establishments, tourist campsites, and short-stay accommodation establishments",observed
2026-09-11,2023,GR,Greece,Latvia,country,nights,181296.0,nights,"hotels, similar establishments, tourist campsites, and short-stay accommodation establishments",observed
2026-09-11,2023,GR,Greece,Lithuania,country,nights,476743.0,nights,"hotels, similar establishments, tourist campsites, and short-stay accommodation establishments",observed
2026-09-11,2023,GR,Greece,Luxembourg,country,nights,149470.0,nights,"hotels, similar establishments, tourist campsites, and short-stay accommodation establishments",observed
2026-09-11,2023,GR,Greece,Malta,country,nights,66588.0,nights,"hotels, similar establishments, tourist campsites, and short-stay accommodation establishments",observed
2026-09-11,2023,GR,Greece,Netherlands,country,nights,6105341.0,nights,"hotels, similar establishments, tourist campsites, and short-stay accommodation establishments",observed
2026-09-11,2023,GR,Greece,Norway,country,nights,2439220.0,nights,"hotels, similar establishments, tourist campsites, and short-stay accommodation establishments",observed
2026-09-11,2023,GR,Greece,People's republic of  China,country,nights,359002.0,nights,"hotels, similar establishments, tourist campsites, and short-stay accommodation establishments",observed
2026-09-11,2023,GR,Greece,Poland,country,nights,5334676.0,nights,"hotels, similar establishments, tourist campsites, and short-stay accommodation establishments",observed
2026-09-11,2023,GR,Greece,Portugal,country,nights,302931.0,nights,"hotels, similar establishments, tourist campsites, and short-stay accommodation establishments",observed
2026-09-11,2023,GR,Greece,Romania,country,nights,4611016.0,nights,"hotels, similar establishments, tourist campsites, and short-stay accommodation establishments",observed
2026-09-11,2023,GR,Greece,Russia,country,nights,417102.0,nights,"hotels, similar establishments, tourist campsites, and short-stay accommodation establishments",observed
2026-09-11,2023,GR,Greece,Slovakia,country,nights,743346.0,nights,"hotels, similar establishments, tourist campsites, and short-stay accommodation establishments",observed
2026-09-11,2023,GR,Greece,Slovenia,country,nights,307030.0,nights,"hotels, similar establishments, tourist campsites, and short-stay accommodation establishments",observed
2026-09-11,2023,GR,Greece,Spain,country,nights,1084254.0,nights,"hotels, similar establishments, tourist campsites, and short-stay accommodation establishments",observed
2026-09-11,2023,GR,Greece,Sweden,country,nights,3761167.0,nights,"hotels, similar establishments, tourist campsites, and short-stay accommodation establishments",observed
2026-09-11,2023,GR,Greece,Switzerland (incl. Liechtenstein),country,nights,1985523.0,nights,"hotels, similar establishments, tourist campsites, and short-stay accommodation establishments",observed
2026-09-11,2023,GR,Greece,Turkey,country,nights,1020858.0,nights,"hotels, similar establishments, tourist campsites, and short-stay accommodation establishments",observed
2026-09-11,2023,GR,Greece,USA,country,nights,6020211.0,nights,"hotels, similar establishments, tourist campsites, and short-stay accommodation establishments",observed
2026-09-11,2023,GR,Greece,United Kingdom,country,nights,23147580.0,nights,"hotels, similar establishments, tourist campsites, and short-stay accommodation establishments",observed
2026-09-11,2023,GR,Greece,New Zealand and other Oceanian,residual,nights,153634.0,nights,"hotels, similar establishments, tourist campsites, and short-stay accommodation establishments",observed
2026-09-11,2023,GR,Greece,Not specified,residual,nights,57075.0,nights,"hotels, similar establishments, tourist campsites, and short-stay accommodation establishments",observed
2026-09-11,2023,GR,Greece,Other Asian countries,residual,nights,3577536.0,nights,"hotels, similar establishments, tourist campsites, and short-stay accommodation establishments",observed
2026-09-11,2023,GR,Greece,Other European Countries,residual,nights,5938676.0,nights,"hotels, similar establishments, tourist campsites, and short-stay accommodation establishments",observed
2026-09-11,2024,GR,Greece,Australia,country,arrivals,503101.0,arrivals,"hotels, similar establishments, tourist campsites, and short-stay accommodation establishments",observed
2026-09-11,2024,GR,Greece,Austria,country,arrivals,444073.0,arrivals,"hotels, similar establishments, tourist campsites, and short-stay accommodation establishments",observed
2026-09-11,2024,GR,Greece,Belgium,country,arrivals,458841.0,arrivals,"hotels, similar establishments, tourist campsites, and short-stay accommodation establishments",observed
2026-09-11,2024,GR,Greece,Bulgaria,country,arrivals,551562.0,arrivals,"hotels, similar establishments, tourist campsites, and short-stay accommodation establishments",observed
2026-09-11,2024,GR,Greece,Canada,country,arrivals,376237.0,arrivals,"hotels, similar establishments, tourist campsites, and short-stay accommodation establishments",observed
2026-09-11,2024,GR,Greece,Croatia,country,arrivals,41515.0,arrivals,"hotels, similar establishments, tourist campsites, and short-stay accommodation establishments",observed
2026-09-11,2024,GR,Greece,Cyprus,country,arrivals,271791.0,arrivals,"hotels, similar establishments, tourist campsites, and short-stay accommodation establishments",observed
2026-09-11,2024,GR,Greece,Czechia,country,arrivals,414568.0,arrivals,"hotels, similar establishments, tourist campsites, and short-stay accommodation establishments",observed
2026-09-11,2024,GR,Greece,Denmark,country,arrivals,443346.0,arrivals,"hotels, similar establishments, tourist campsites, and short-stay accommodation establishments",observed
2026-09-11,2024,GR,Greece,Esthonia,country,arrivals,39891.0,arrivals,"hotels, similar establishments, tourist campsites, and short-stay accommodation establishments",observed
2026-09-11,2024,GR,Greece,Finland,country,arrivals,287969.0,arrivals,"hotels, similar establishments, tourist campsites, and short-stay accommodation establishments",observed
2026-09-11,2024,GR,Greece,France,country,arrivals,1816131.0,arrivals,"hotels, similar establishments, tourist campsites, and short-stay accommodation establishments",observed
2026-09-11,2024,GR,Greece,Germany,country,arrivals,3521428.0,arrivals,"hotels, similar establishments, tourist campsites, and short-stay accommodation establishments",observed
2026-09-11,2024,GR,Greece,Hungary,country,arrivals,189932.0,arrivals,"hotels, similar establishments, tourist campsites, and short-stay accommodation establishments",observed
2026-09-11,2024,GR,Greece,Iceland,country,arrivals,12695.0,arrivals,"hotels, similar establishments, tourist campsites, and short-stay accommodation establishments",observed
2026-09-11,2024,GR,Greece,Ireland,country,arrivals,201397.0,arrivals,"hotels, similar establishments, tourist campsites, and short-stay accommodation establishments",observed
2026-09-11,2024,GR,Greece,Italy,country,arrivals,1390862.0,arrivals,"hotels, similar establishments, tourist campsites, and short-stay accommodation establishments",observed
2026-09-11,2024,GR,Greece,Japan,country,arrivals,72546.0,arrivals,"hotels, similar establishments, tourist campsites, and short-stay accommodation establishments",observed
2026-09-11,2024,GR,Greece,Latvia,country,arrivals,41254.0,arrivals,"hotels, similar establishments, tourist campsites, and short-stay accommodation establishments",observed
2026-09-11,2024,GR,Greece,Lithuania,country,arrivals,85086.0,arrivals,"hotels, similar establishments, tourist campsites, and short-stay accommodation establishments",observed
2026-09-11,2024,GR,Greece,Luxembourg,country,arrivals,34458.0,arrivals,"hotels, similar establishments, tourist campsites, and short-stay accommodation establishments",observed
2026-09-11,2024,GR,Greece,Malta,country,arrivals,21485.0,arrivals,"hotels, similar establishments, tourist campsites, and short-stay accommodation establishments",observed
2026-09-11,2024,GR,Greece,Netherlands,country,arrivals,1041805.0,arrivals,"hotels, similar establishments, tourist campsites, and short-stay accommodation establishments",observed
2026-09-11,2024,GR,Greece,Norway,country,arrivals,392405.0,arrivals,"hotels, similar establishments, tourist campsites, and short-stay accommodation establishments",observed
2026-09-11,2024,GR,Greece,People's republic of  China,country,arrivals,219588.0,arrivals,"hotels, similar establishments, tourist campsites, and short-stay accommodation establishments",observed
2026-09-11,2024,GR,Greece,Poland,country,arrivals,1079859.0,arrivals,"hotels, similar establishments, tourist campsites, and short-stay accommodation establishments",observed
2026-09-11,2024,GR,Greece,Portugal,country,arrivals,98265.0,arrivals,"hotels, similar establishments, tourist campsites, and short-stay accommodation establishments",observed
2026-09-11,2024,GR,Greece,Romania,country,arrivals,958740.0,arrivals,"hotels, similar establishments, tourist campsites, and short-stay accommodation establishments",observed
2026-09-11,2024,GR,Greece,Russia,country,arrivals,98707.0,arrivals,"hotels, similar establishments, tourist campsites, and short-stay accommodation establishments",observed
2026-09-11,2024,GR,Greece,Slovakia,country,arrivals,117125.0,arrivals,"hotels, similar establishments, tourist campsites, and short-stay accommodation establishments",observed
2026-09-11,2024,GR,Greece,Slovenia,country,arrivals,62061.0,arrivals,"hotels, similar establishments, tourist campsites, and short-stay accommodation establishments",observed
2026-09-11,2024,GR,Greece,Spain,country,arrivals,433892.0,arrivals,"hotels, similar establishments, tourist campsites, and short-stay accommodation establishments",observed
2026-09-11,2024,GR,Greece,Sweden,country,arrivals,661816.0,arrivals,"hotels, similar establishments, tourist campsites, and short-stay accommodation establishments",observed
2026-09-11,2024,GR,Greece,Switzerland (incl. Liechtenstein),country,arrivals,437232.0,arrivals,"hotels, similar establishments, tourist campsites, and short-stay accommodation establishments",observed
2026-09-11,2024,GR,Greece,Turkey,country,arrivals,655116.0,arrivals,"hotels, similar establishments, tourist campsites, and short-stay accommodation establishments",observed
2026-09-11,2024,GR,Greece,USA,country,arrivals,2443176.0,arrivals,"hotels, similar establishments, tourist campsites, and short-stay accommodation establishments",observed
2026-09-11,2024,GR,Greece,United Kingdom,country,arrivals,4370432.0,arrivals,"hotels, similar establishments, tourist campsites, and short-stay accommodation establishments",observed
2026-09-11,2024,GR,Greece,New Zealand and other Oceanian,residual,arrivals,47743.0,arrivals,"hotels, similar establishments, tourist campsites, and short-stay accommodation establishments",observed
2026-09-11,2024,GR,Greece,Not specified,residual,arrivals,22429.0,arrivals,"hotels, similar establishments, tourist campsites, and short-stay accommodation establishments",observed
2026-09-11,2024,GR,Greece,Other Asian countries,residual,arrivals,1227204.0,arrivals,"hotels, similar establishments, tourist campsites, and short-stay accommodation establishments",observed
2026-09-11,2024,GR,Greece,Other European Countries,residual,arrivals,1342227.0,arrivals,"hotels, similar establishments, tourist campsites, and short-stay accommodation establishments",observed
2026-09-11,2024,GR,Greece,Australia,country,nights,1449802.0,nights,"hotels, similar establishments, tourist campsites, and short-stay accommodation establishments",observed
2026-09-11,2024,GR,Greece,Austria,country,nights,2363355.0,nights,"hotels, similar establishments, tourist campsites, and short-stay accommodation establishments",observed
2026-09-11,2024,GR,Greece,Belgium,country,nights,2274451.0,nights,"hotels, similar establishments, tourist campsites, and short-stay accommodation establishments",observed
2026-09-11,2024,GR,Greece,Bulgaria,country,nights,2290020.0,nights,"hotels, similar establishments, tourist campsites, and short-stay accommodation establishments",observed
2026-09-11,2024,GR,Greece,Canada,country,nights,997885.0,nights,"hotels, similar establishments, tourist campsites, and short-stay accommodation establishments",observed
2026-09-11,2024,GR,Greece,Croatia,country,nights,170897.0,nights,"hotels, similar establishments, tourist campsites, and short-stay accommodation establishments",observed
2026-09-11,2024,GR,Greece,Cyprus,country,nights,777692.0,nights,"hotels, similar establishments, tourist campsites, and short-stay accommodation establishments",observed
2026-09-11,2024,GR,Greece,Czechia,country,nights,2541295.0,nights,"hotels, similar establishments, tourist campsites, and short-stay accommodation establishments",observed
2026-09-11,2024,GR,Greece,Denmark,country,nights,2795862.0,nights,"hotels, similar establishments, tourist campsites, and short-stay accommodation establishments",observed
2026-09-11,2024,GR,Greece,Esthonia,country,nights,199896.0,nights,"hotels, similar establishments, tourist campsites, and short-stay accommodation establishments",observed
2026-09-11,2024,GR,Greece,Finland,country,nights,1757119.0,nights,"hotels, similar establishments, tourist campsites, and short-stay accommodation establishments",observed
2026-09-11,2024,GR,Greece,France,country,nights,7454355.0,nights,"hotels, similar establishments, tourist campsites, and short-stay accommodation establishments",observed
2026-09-11,2024,GR,Greece,Germany,country,nights,20929891.0,nights,"hotels, similar establishments, tourist campsites, and short-stay accommodation establishments",observed
2026-09-11,2024,GR,Greece,Hungary,country,nights,1034389.0,nights,"hotels, similar establishments, tourist campsites, and short-stay accommodation establishments",observed
2026-09-11,2024,GR,Greece,Iceland,country,nights,62298.0,nights,"hotels, similar establishments, tourist campsites, and short-stay accommodation establishments",observed
2026-09-11,2024,GR,Greece,Ireland,country,nights,925016.0,nights,"hotels, similar establishments, tourist campsites, and short-stay accommodation establishments",observed
2026-09-11,2024,GR,Greece,Italy,country,nights,5995934.0,nights,"hotels, similar establishments, tourist campsites, and short-stay accommodation establishments",observed
2026-09-11,2024,GR,Greece,Japan,country,nights,143689.0,nights,"hotels, similar establishments, tourist campsites, and short-stay accommodation establishments",observed
2026-09-11,2024,GR,Greece,Latvia,country,nights,184590.0,nights,"hotels, similar establishments, tourist campsites, and short-stay accommodation establishments",observed
2026-09-11,2024,GR,Greece,Lithuania,country,nights,430685.0,nights,"hotels, similar establishments, tourist campsites, and short-stay accommodation establishments",observed
2026-09-11,2024,GR,Greece,Luxembourg,country,nights,157413.0,nights,"hotels, similar establishments, tourist campsites, and short-stay accommodation establishments",observed
2026-09-11,2024,GR,Greece,Malta,country,nights,73873.0,nights,"hotels, similar establishments, tourist campsites, and short-stay accommodation establishments",observed
2026-09-11,2024,GR,Greece,Netherlands,country,nights,6252231.0,nights,"hotels, similar establishments, tourist campsites, and short-stay accommodation establishments",observed
2026-09-11,2024,GR,Greece,Norway,country,nights,2565430.0,nights,"hotels, similar establishments, tourist campsites, and short-stay accommodation establishments",observed
2026-09-11,2024,GR,Greece,People's republic of  China,country,nights,445218.0,nights,"hotels, similar establishments, tourist campsites, and short-stay accommodation establishments",observed
2026-09-11,2024,GR,Greece,Poland,country,nights,6008289.0,nights,"hotels, similar establishments, tourist campsites, and short-stay accommodation establishments",observed
2026-09-11,2024,GR,Greece,Portugal,country,nights,337936.0,nights,"hotels, similar establishments, tourist campsites, and short-stay accommodation establishments",observed
2026-09-11,2024,GR,Greece,Romania,country,nights,4772985.0,nights,"hotels, similar establishments, tourist campsites, and short-stay accommodation establishments",observed
2026-09-11,2024,GR,Greece,Russia,country,nights,387647.0,nights,"hotels, similar establishments, tourist campsites, and short-stay accommodation establishments",observed
2026-09-11,2024,GR,Greece,Slovakia,country,nights,690908.0,nights,"hotels, similar establishments, tourist campsites, and short-stay accommodation establishments",observed
2026-09-11,2024,GR,Greece,Slovenia,country,nights,301740.0,nights,"hotels, similar establishments, tourist campsites, and short-stay accommodation establishments",observed
2026-09-11,2024,GR,Greece,Spain,country,nights,1117825.0,nights,"hotels, similar establishments, tourist campsites, and short-stay accommodation establishments",observed
2026-09-11,2024,GR,Greece,Sweden,country,nights,4019657.0,nights,"hotels, similar establishments, tourist campsites, and short-stay accommodation establishments",observed
2026-09-11,2024,GR,Greece,Switzerland (incl. Liechtenstein),country,nights,2003378.0,nights,"hotels, similar establishments, tourist campsites, and short-stay accommodation establishments",observed
2026-09-11,2024,GR,Greece,Turkey,country,nights,1581258.0,nights,"hotels, similar establishments, tourist campsites, and short-stay accommodation establishments",observed
2026-09-11,2024,GR,Greece,USA,country,nights,6122819.0,nights,"hotels, similar establishments, tourist campsites, and short-stay accommodation establishments",observed
2026-09-11,2024,GR,Greece,United Kingdom,country,nights,24034120.0,nights,"hotels, similar establishments, tourist campsites, and short-stay accommodation establishments",observed
2026-09-11,2024,GR,Greece,New Zealand and other Oceanian,residual,nights,133932.0,nights,"hotels, similar establishments, tourist campsites, and short-stay accommodation establishments",observed
2026-09-11,2024,GR,Greece,Not specified,residual,nights,68144.0,nights,"hotels, similar establishments, tourist campsites, and short-stay accommodation establishments",observed
2026-09-11,2024,GR,Greece,Other Asian countries,residual,nights,3408894.0,nights,"hotels, similar establishments, tourist campsites, and short-stay accommodation establishments",observed
2026-09-11,2024,GR,Greece,Other European Countries,residual,nights,7672725.0,nights,"hotels, similar establishments, tourist campsites, and short-stay accommodation establishments",observed
